Year,Series,concept.REF_AREA,concept.COMPOSITE_BREAKDOWN,Value
2015,CL_SERIES.VC_DSR_N,,CL_COMP_BREAKDOWN.HZT_FIREX,230
2016,CL_SERIES.VC_DSR_N,,CL_COMP_BREAKDOWN.HZT_FIREX,455
2017,CL_SERIES.VC_DSR_N,,CL_COMP_BREAKDOWN.HZT_FIREX,548
2015,CL_SERIES.VC_DSR_N,,CL_COMP_BREAKDOWN.HZT_FLOOD,104
2016,CL_SERIES.VC_DSR_N,,CL_COMP_BREAKDOWN.HZT_FLOOD,243
2017,CL_SERIES.VC_DSR_N,,CL_COMP_BREAKDOWN.HZT_FLOOD,223
2015,CL_SERIES.VC_DSR_N,,CL_COMP_BREAKDOWN.HZT_STORM,191
2016,CL_SERIES.VC_DSR_N,,CL_COMP_BREAKDOWN.HZT_STORM,496
2017,CL_SERIES.VC_DSR_N,,CL_COMP_BREAKDOWN.HZT_STORM,752
2015,CL_SERIES.VC_DSR_N,,CL_COMP_BREAKDOWN.HZT_EROSN_RVRBK,60
2016,CL_SERIES.VC_DSR_N,,CL_COMP_BREAKDOWN.HZT_EROSN_RVRBK,175
2017,CL_SERIES.VC_DSR_N,,CL_COMP_BREAKDOWN.HZT_EROSN_RVRBK,532
2015,CL_SERIES.VC_DSR_N,,CL_COMP_BREAKDOWN.HZT_LNDSL,14
2016,CL_SERIES.VC_DSR_N,,CL_COMP_BREAKDOWN.HZT_LNDSL,54
2017,CL_SERIES.VC_DSR_N,,CL_COMP_BREAKDOWN.HZT_LNDSL,69
2015,CL_SERIES.VC_DSR_N,,CL_COMP_BREAKDOWN.HZT_THDR_LGT_STROKE,44
2016,CL_SERIES.VC_DSR_N,,CL_COMP_BREAKDOWN.HZT_THDR_LGT_STROKE,56
2017,CL_SERIES.VC_DSR_N,,CL_COMP_BREAKDOWN.HZT_THDR_LGT_STROKE,114
2015,CL_SERIES.VC_DSR_N,,CL_COMP_BREAKDOWN.HZT_CNFLCT,14
2016,CL_SERIES.VC_DSR_N,,CL_COMP_BREAKDOWN.HZT_CNFLCT,121
2017,CL_SERIES.VC_DSR_N,,CL_COMP_BREAKDOWN.HZT_CNFLCT,87
2015,CL_SERIES.VC_DSR_N,,CL_COMP_BREAKDOWN.HZT_OTHER,1
2016,CL_SERIES.VC_DSR_N,,CL_COMP_BREAKDOWN.HZT_OTHER,26
2017,CL_SERIES.VC_DSR_N,,CL_COMP_BREAKDOWN.HZT_OTHER,186
2015,CL_SERIES.VC_DSR_N,,,658
2016,CL_SERIES.VC_DSR_N,,,1632
2017,CL_SERIES.VC_DSR_N,,,2511
2015,CL_SERIES.VC_DSR_N,CL_REF_AREA.GA1000001,CL_COMP_BREAKDOWN.HZT_FIREX,10
2016,CL_SERIES.VC_DSR_N,CL_REF_AREA.GA1000001,CL_COMP_BREAKDOWN.HZT_FIREX,34
2017,CL_SERIES.VC_DSR_N,CL_REF_AREA.GA1000001,CL_COMP_BREAKDOWN.HZT_FIREX,29
2015,CL_SERIES.VC_DSR_N,CL_REF_AREA.GA1000001,CL_COMP_BREAKDOWN.HZT_FLOOD,4
2016,CL_SERIES.VC_DSR_N,CL_REF_AREA.GA1000001,CL_COMP_BREAKDOWN.HZT_FLOOD,15
2017,CL_SERIES.VC_DSR_N,CL_REF_AREA.GA1000001,CL_COMP_BREAKDOWN.HZT_FLOOD,7
2015,CL_SERIES.VC_DSR_N,CL_REF_AREA.GA1000001,CL_COMP_BREAKDOWN.HZT_STORM,7
2016,CL_SERIES.VC_DSR_N,CL_REF_AREA.GA1000001,CL_COMP_BREAKDOWN.HZT_STORM,15
2017,CL_SERIES.VC_DSR_N,CL_REF_AREA.GA1000001,CL_COMP_BREAKDOWN.HZT_STORM,15
2015,CL_SERIES.VC_DSR_N,CL_REF_AREA.GA1000001,CL_COMP_BREAKDOWN.HZT_LNDSL,2
2016,CL_SERIES.VC_DSR_N,CL_REF_AREA.GA1000001,CL_COMP_BREAKDOWN.HZT_LNDSL,23
2017,CL_SERIES.VC_DSR_N,CL_REF_AREA.GA1000001,CL_COMP_BREAKDOWN.HZT_LNDSL,21
2015,CL_SERIES.VC_DSR_N,CL_REF_AREA.GA1000001,CL_COMP_BREAKDOWN.HZT_THDR_LGT_STROKE,4
2016,CL_SERIES.VC_DSR_N,CL_REF_AREA.GA1000001,CL_COMP_BREAKDOWN.HZT_THDR_LGT_STROKE,6
2017,CL_SERIES.VC_DSR_N,CL_REF_AREA.GA1000001,CL_COMP_BREAKDOWN.HZT_THDR_LGT_STROKE,1
2015,CL_SERIES.VC_DSR_N,CL_REF_AREA.GA1000001,CL_COMP_BREAKDOWN.HZT_CNFLCT,4
2016,CL_SERIES.VC_DSR_N,CL_REF_AREA.GA1000001,CL_COMP_BREAKDOWN.HZT_CNFLCT,14
2017,CL_SERIES.VC_DSR_N,CL_REF_AREA.GA1000001,CL_COMP_BREAKDOWN.HZT_CNFLCT,17
2015,CL_SERIES.VC_DSR_N,CL_REF_AREA.GA1000001,,31
2016,CL_SERIES.VC_DSR_N,CL_REF_AREA.GA1000001,,145
2017,CL_SERIES.VC_DSR_N,CL_REF_AREA.GA1000001,,116
2015,CL_SERIES.VC_DSR_N,CL_REF_AREA.GA1000002,CL_COMP_BREAKDOWN.HZT_FIREX,8
2016,CL_SERIES.VC_DSR_N,CL_REF_AREA.GA1000002,CL_COMP_BREAKDOWN.HZT_FIREX,16
2017,CL_SERIES.VC_DSR_N,CL_REF_AREA.GA1000002,CL_COMP_BREAKDOWN.HZT_FIREX,7
2015,CL_SERIES.VC_DSR_N,CL_REF_AREA.GA1000002,CL_COMP_BREAKDOWN.HZT_STORM,5
2016,CL_SERIES.VC_DSR_N,CL_REF_AREA.GA1000002,CL_COMP_BREAKDOWN.HZT_STORM,14
2017,CL_SERIES.VC_DSR_N,CL_REF_AREA.GA1000002,CL_COMP_BREAKDOWN.HZT_STORM,13
2015,CL_SERIES.VC_DSR_N,CL_REF_AREA.GA1000002,CL_COMP_BREAKDOWN.HZT_LNDSL,1
2015,CL_SERIES.VC_DSR_N,CL_REF_AREA.GA1000002,,14
2016,CL_SERIES.VC_DSR_N,CL_REF_AREA.GA1000002,,30
2017,CL_SERIES.VC_DSR_N,CL_REF_AREA.GA1000002,,23
2015,CL_SERIES.VC_DSR_N,CL_REF_AREA.GA1000003,CL_COMP_BREAKDOWN.HZT_FIREX,5
2016,CL_SERIES.VC_DSR_N,CL_REF_AREA.GA1000003,CL_COMP_BREAKDOWN.HZT_FIREX,12
2017,CL_SERIES.VC_DSR_N,CL_REF_AREA.GA1000003,CL_COMP_BREAKDOWN.HZT_FIREX,22
2015,CL_SERIES.VC_DSR_N,CL_REF_AREA.GA1000003,CL_COMP_BREAKDOWN.HZT_FLOOD,4
2016,CL_SERIES.VC_DSR_N,CL_REF_AREA.GA1000003,CL_COMP_BREAKDOWN.HZT_FLOOD,2
2017,CL_SERIES.VC_DSR_N,CL_REF_AREA.GA1000003,CL_COMP_BREAKDOWN.HZT_FLOOD,3
2015,CL_SERIES.VC_DSR_N,CL_REF_AREA.GA1000003,CL_COMP_BREAKDOWN.HZT_STORM,1
2016,CL_SERIES.VC_DSR_N,CL_REF_AREA.GA1000003,CL_COMP_BREAKDOWN.HZT_STORM,4
2017,CL_SERIES.VC_DSR_N,CL_REF_AREA.GA1000003,CL_COMP_BREAKDOWN.HZT_STORM,3
2015,CL_SERIES.VC_DSR_N,CL_REF_AREA.GA1000003,CL_COMP_BREAKDOWN.HZT_THDR_LGT_STROKE,3
2017,CL_SERIES.VC_DSR_N,CL_REF_AREA.GA1000003,CL_COMP_BREAKDOWN.HZT_THDR_LGT_STROKE,4
2015,CL_SERIES.VC_DSR_N,CL_REF_AREA.GA1000003,,13
2016,CL_SERIES.VC_DSR_N,CL_REF_AREA.GA1000003,,29
2017,CL_SERIES.VC_DSR_N,CL_REF_AREA.GA1000003,,40
2015,CL_SERIES.VC_DSR_N,CL_REF_AREA.GA1000004,CL_COMP_BREAKDOWN.HZT_FIREX,2
2016,CL_SERIES.VC_DSR_N,CL_REF_AREA.GA1000004,CL_COMP_BREAKDOWN.HZT_FIREX,7
2017,CL_SERIES.VC_DSR_N,CL_REF_AREA.GA1000004,CL_COMP_BREAKDOWN.HZT_FIREX,11
2015,CL_SERIES.VC_DSR_N,CL_REF_AREA.GA1000004,CL_COMP_BREAKDOWN.HZT_LNDSL,4
2016,CL_SERIES.VC_DSR_N,CL_REF_AREA.GA1000004,CL_COMP_BREAKDOWN.HZT_LNDSL,12
2017,CL_SERIES.VC_DSR_N,CL_REF_AREA.GA1000004,CL_COMP_BREAKDOWN.HZT_LNDSL,22
2015,CL_SERIES.VC_DSR_N,CL_REF_AREA.GA1000004,CL_COMP_BREAKDOWN.HZT_THDR_LGT_STROKE,1
2015,CL_SERIES.VC_DSR_N,CL_REF_AREA.GA1000004,,7
2016,CL_SERIES.VC_DSR_N,CL_REF_AREA.GA1000004,,42
2017,CL_SERIES.VC_DSR_N,CL_REF_AREA.GA1000004,,91
2015,CL_SERIES.VC_DSR_N,CL_REF_AREA.GA1000005,CL_COMP_BREAKDOWN.HZT_FIREX,20
2016,CL_SERIES.VC_DSR_N,CL_REF_AREA.GA1000005,CL_COMP_BREAKDOWN.HZT_FIREX,33
2017,CL_SERIES.VC_DSR_N,CL_REF_AREA.GA1000005,CL_COMP_BREAKDOWN.HZT_FIREX,45
2015,CL_SERIES.VC_DSR_N,CL_REF_AREA.GA1000005,CL_COMP_BREAKDOWN.HZT_FLOOD,17
2016,CL_SERIES.VC_DSR_N,CL_REF_AREA.GA1000005,CL_COMP_BREAKDOWN.HZT_FLOOD,27
2017,CL_SERIES.VC_DSR_N,CL_REF_AREA.GA1000005,CL_COMP_BREAKDOWN.HZT_FLOOD,70
2015,CL_SERIES.VC_DSR_N,CL_REF_AREA.GA1000005,CL_COMP_BREAKDOWN.HZT_STORM,10
2016,CL_SERIES.VC_DSR_N,CL_REF_AREA.GA1000005,CL_COMP_BREAKDOWN.HZT_STORM,53
2017,CL_SERIES.VC_DSR_N,CL_REF_AREA.GA1000005,CL_COMP_BREAKDOWN.HZT_STORM,106
2015,CL_SERIES.VC_DSR_N,CL_REF_AREA.GA1000005,CL_COMP_BREAKDOWN.HZT_EROSN_RVRBK,1
2016,CL_SERIES.VC_DSR_N,CL_REF_AREA.GA1000005,CL_COMP_BREAKDOWN.HZT_EROSN_RVRBK,4
2017,CL_SERIES.VC_DSR_N,CL_REF_AREA.GA1000005,CL_COMP_BREAKDOWN.HZT_EROSN_RVRBK,58
2015,CL_SERIES.VC_DSR_N,CL_REF_AREA.GA1000005,CL_COMP_BREAKDOWN.HZT_LNDSL,1
2016,CL_SERIES.VC_DSR_N,CL_REF_AREA.GA1000005,CL_COMP_BREAKDOWN.HZT_LNDSL,2
2015,CL_SERIES.VC_DSR_N,CL_REF_AREA.GA1000005,CL_COMP_BREAKDOWN.HZT_THDR_LGT_STROKE,8
2016,CL_SERIES.VC_DSR_N,CL_REF_AREA.GA1000005,CL_COMP_BREAKDOWN.HZT_THDR_LGT_STROKE,7
2017,CL_SERIES.VC_DSR_N,CL_REF_AREA.GA1000005,CL_COMP_BREAKDOWN.HZT_THDR_LGT_STROKE,7
2015,CL_SERIES.VC_DSR_N,CL_REF_AREA.GA1000005,CL_COMP_BREAKDOWN.HZT_OTHER,1
2016,CL_SERIES.VC_DSR_N,CL_REF_AREA.GA1000005,CL_COMP_BREAKDOWN.HZT_OTHER,3
2017,CL_SERIES.VC_DSR_N,CL_REF_AREA.GA1000005,CL_COMP_BREAKDOWN.HZT_OTHER,65
2015,CL_SERIES.VC_DSR_N,CL_REF_AREA.GA1000005,,58
2016,CL_SERIES.VC_DSR_N,CL_REF_AREA.GA1000005,,129
2017,CL_SERIES.VC_DSR_N,CL_REF_AREA.GA1000005,,352
2015,CL_SERIES.VC_DSR_N,CL_REF_AREA.GA1000006,CL_COMP_BREAKDOWN.HZT_FIREX,15
2016,CL_SERIES.VC_DSR_N,CL_REF_AREA.GA1000006,CL_COMP_BREAKDOWN.HZT_FIREX,21
2017,CL_SERIES.VC_DSR_N,CL_REF_AREA.GA1000006,CL_COMP_BREAKDOWN.HZT_FIREX,22
2015,CL_SERIES.VC_DSR_N,CL_REF_AREA.GA1000006,CL_COMP_BREAKDOWN.HZT_FLOOD,5
2016,CL_SERIES.VC_DSR_N,CL_REF_AREA.GA1000006,CL_COMP_BREAKDOWN.HZT_FLOOD,6
2017,CL_SERIES.VC_DSR_N,CL_REF_AREA.GA1000006,CL_COMP_BREAKDOWN.HZT_FLOOD,4
2015,CL_SERIES.VC_DSR_N,CL_REF_AREA.GA1000006,CL_COMP_BREAKDOWN.HZT_STORM,7
2016,CL_SERIES.VC_DSR_N,CL_REF_AREA.GA1000006,CL_COMP_BREAKDOWN.HZT_STORM,5
2017,CL_SERIES.VC_DSR_N,CL_REF_AREA.GA1000006,CL_COMP_BREAKDOWN.HZT_STORM,16
2015,CL_SERIES.VC_DSR_N,CL_REF_AREA.GA1000006,CL_COMP_BREAKDOWN.HZT_LNDSL,4
2016,CL_SERIES.VC_DSR_N,CL_REF_AREA.GA1000006,CL_COMP_BREAKDOWN.HZT_LNDSL,3
2017,CL_SERIES.VC_DSR_N,CL_REF_AREA.GA1000006,CL_COMP_BREAKDOWN.HZT_LNDSL,1
2015,CL_SERIES.VC_DSR_N,CL_REF_AREA.GA1000006,CL_COMP_BREAKDOWN.HZT_THDR_LGT_STROKE,1
2016,CL_SERIES.VC_DSR_N,CL_REF_AREA.GA1000006,CL_COMP_BREAKDOWN.HZT_THDR_LGT_STROKE,1
2017,CL_SERIES.VC_DSR_N,CL_REF_AREA.GA1000006,CL_COMP_BREAKDOWN.HZT_THDR_LGT_STROKE,8
2015,CL_SERIES.VC_DSR_N,CL_REF_AREA.GA1000006,,32
2016,CL_SERIES.VC_DSR_N,CL_REF_AREA.GA1000006,,38
2017,CL_SERIES.VC_DSR_N,CL_REF_AREA.GA1000006,,55
2015,CL_SERIES.VC_DSR_N,CL_REF_AREA.GA1000007,CL_COMP_BREAKDOWN.HZT_FIREX,22
2016,CL_SERIES.VC_DSR_N,CL_REF_AREA.GA1000007,CL_COMP_BREAKDOWN.HZT_FIREX,51
2017,CL_SERIES.VC_DSR_N,CL_REF_AREA.GA1000007,CL_COMP_BREAKDOWN.HZT_FIREX,64
2015,CL_SERIES.VC_DSR_N,CL_REF_AREA.GA1000007,CL_COMP_BREAKDOWN.HZT_FLOOD,8
2016,CL_SERIES.VC_DSR_N,CL_REF_AREA.GA1000007,CL_COMP_BREAKDOWN.HZT_FLOOD,23
2017,CL_SERIES.VC_DSR_N,CL_REF_AREA.GA1000007,CL_COMP_BREAKDOWN.HZT_FLOOD,37
2015,CL_SERIES.VC_DSR_N,CL_REF_AREA.GA1000007,CL_COMP_BREAKDOWN.HZT_STORM,46
2016,CL_SERIES.VC_DSR_N,CL_REF_AREA.GA1000007,CL_COMP_BREAKDOWN.HZT_STORM,106
2017,CL_SERIES.VC_DSR_N,CL_REF_AREA.GA1000007,CL_COMP_BREAKDOWN.HZT_STORM,146
2015,CL_SERIES.VC_DSR_N,CL_REF_AREA.GA1000007,CL_COMP_BREAKDOWN.HZT_EROSN_RVRBK,8
2016,CL_SERIES.VC_DSR_N,CL_REF_AREA.GA1000007,CL_COMP_BREAKDOWN.HZT_EROSN_RVRBK,16
2017,CL_SERIES.VC_DSR_N,CL_REF_AREA.GA1000007,CL_COMP_BREAKDOWN.HZT_EROSN_RVRBK,49
2015,CL_SERIES.VC_DSR_N,CL_REF_AREA.GA1000007,CL_COMP_BREAKDOWN.HZT_THDR_LGT_STROKE,20
2016,CL_SERIES.VC_DSR_N,CL_REF_AREA.GA1000007,CL_COMP_BREAKDOWN.HZT_THDR_LGT_STROKE,11
2017,CL_SERIES.VC_DSR_N,CL_REF_AREA.GA1000007,CL_COMP_BREAKDOWN.HZT_THDR_LGT_STROKE,17
2015,CL_SERIES.VC_DSR_N,CL_REF_AREA.GA1000007,,104
2016,CL_SERIES.VC_DSR_N,CL_REF_AREA.GA1000007,,207
2017,CL_SERIES.VC_DSR_N,CL_REF_AREA.GA1000007,,315
2015,CL_SERIES.VC_DSR_N,CL_REF_AREA.GA1000008,CL_COMP_BREAKDOWN.HZT_FIREX,26
2016,CL_SERIES.VC_DSR_N,CL_REF_AREA.GA1000008,CL_COMP_BREAKDOWN.HZT_FIREX,38
2017,CL_SERIES.VC_DSR_N,CL_REF_AREA.GA1000008,CL_COMP_BREAKDOWN.HZT_FIREX,53
2015,CL_SERIES.VC_DSR_N,CL_REF_AREA.GA1000008,CL_COMP_BREAKDOWN.HZT_FLOOD,5
2016,CL_SERIES.VC_DSR_N,CL_REF_AREA.GA1000008,CL_COMP_BREAKDOWN.HZT_FLOOD,73
2017,CL_SERIES.VC_DSR_N,CL_REF_AREA.GA1000008,CL_COMP_BREAKDOWN.HZT_FLOOD,39
2015,CL_SERIES.VC_DSR_N,CL_REF_AREA.GA1000008,CL_COMP_BREAKDOWN.HZT_STORM,15
2016,CL_SERIES.VC_DSR_N,CL_REF_AREA.GA1000008,CL_COMP_BREAKDOWN.HZT_STORM,64
2017,CL_SERIES.VC_DSR_N,CL_REF_AREA.GA1000008,CL_COMP_BREAKDOWN.HZT_STORM,72
2015,CL_SERIES.VC_DSR_N,CL_REF_AREA.GA1000008,CL_COMP_BREAKDOWN.HZT_EROSN_RVRBK,19
2016,CL_SERIES.VC_DSR_N,CL_REF_AREA.GA1000008,CL_COMP_BREAKDOWN.HZT_EROSN_RVRBK,37
2017,CL_SERIES.VC_DSR_N,CL_REF_AREA.GA1000008,CL_COMP_BREAKDOWN.HZT_EROSN_RVRBK,121
2015,CL_SERIES.VC_DSR_N,CL_REF_AREA.GA1000008,,65
2016,CL_SERIES.VC_DSR_N,CL_REF_AREA.GA1000008,,221
2017,CL_SERIES.VC_DSR_N,CL_REF_AREA.GA1000008,,302
2015,CL_SERIES.VC_DSR_N,CL_REF_AREA.GA1000009,CL_COMP_BREAKDOWN.HZT_FIREX,36
2016,CL_SERIES.VC_DSR_N,CL_REF_AREA.GA1000009,CL_COMP_BREAKDOWN.HZT_FIREX,33
2017,CL_SERIES.VC_DSR_N,CL_REF_AREA.GA1000009,CL_COMP_BREAKDOWN.HZT_FIREX,37
2015,CL_SERIES.VC_DSR_N,CL_REF_AREA.GA1000009,CL_COMP_BREAKDOWN.HZT_FLOOD,11
2016,CL_SERIES.VC_DSR_N,CL_REF_AREA.GA1000009,CL_COMP_BREAKDOWN.HZT_FLOOD,16
2017,CL_SERIES.VC_DSR_N,CL_REF_AREA.GA1000009,CL_COMP_BREAKDOWN.HZT_FLOOD,22
2015,CL_SERIES.VC_DSR_N,CL_REF_AREA.GA1000009,CL_COMP_BREAKDOWN.HZT_STORM,22
2016,CL_SERIES.VC_DSR_N,CL_REF_AREA.GA1000009,CL_COMP_BREAKDOWN.HZT_STORM,26
2017,CL_SERIES.VC_DSR_N,CL_REF_AREA.GA1000009,CL_COMP_BREAKDOWN.HZT_STORM,43
2015,CL_SERIES.VC_DSR_N,CL_REF_AREA.GA1000009,CL_COMP_BREAKDOWN.HZT_EROSN_RVRBK,16
2016,CL_SERIES.VC_DSR_N,CL_REF_AREA.GA1000009,CL_COMP_BREAKDOWN.HZT_EROSN_RVRBK,9
2017,CL_SERIES.VC_DSR_N,CL_REF_AREA.GA1000009,CL_COMP_BREAKDOWN.HZT_EROSN_RVRBK,4
2015,CL_SERIES.VC_DSR_N,CL_REF_AREA.GA1000009,CL_COMP_BREAKDOWN.HZT_LNDSL,2
2016,CL_SERIES.VC_DSR_N,CL_REF_AREA.GA1000009,CL_COMP_BREAKDOWN.HZT_LNDSL,1
2017,CL_SERIES.VC_DSR_N,CL_REF_AREA.GA1000009,CL_COMP_BREAKDOWN.HZT_LNDSL,2
2015,CL_SERIES.VC_DSR_N,CL_REF_AREA.GA1000009,CL_COMP_BREAKDOWN.HZT_CNFLCT,1
2016,CL_SERIES.VC_DSR_N,CL_REF_AREA.GA1000009,CL_COMP_BREAKDOWN.HZT_CNFLCT,1
2015,CL_SERIES.VC_DSR_N,CL_REF_AREA.GA1000009,,88
2016,CL_SERIES.VC_DSR_N,CL_REF_AREA.GA1000009,,87
2017,CL_SERIES.VC_DSR_N,CL_REF_AREA.GA1000009,,118
2015,CL_SERIES.VC_DSR_N,CL_REF_AREA.GA1000010,CL_COMP_BREAKDOWN.HZT_FIREX,10
2016,CL_SERIES.VC_DSR_N,CL_REF_AREA.GA1000010,CL_COMP_BREAKDOWN.HZT_FIREX,28
2017,CL_SERIES.VC_DSR_N,CL_REF_AREA.GA1000010,CL_COMP_BREAKDOWN.HZT_FIREX,32
2015,CL_SERIES.VC_DSR_N,CL_REF_AREA.GA1000010,CL_COMP_BREAKDOWN.HZT_FLOOD,3
2016,CL_SERIES.VC_DSR_N,CL_REF_AREA.GA1000010,CL_COMP_BREAKDOWN.HZT_FLOOD,1
2017,CL_SERIES.VC_DSR_N,CL_REF_AREA.GA1000010,CL_COMP_BREAKDOWN.HZT_FLOOD,3
2015,CL_SERIES.VC_DSR_N,CL_REF_AREA.GA1000010,CL_COMP_BREAKDOWN.HZT_STORM,5
2016,CL_SERIES.VC_DSR_N,CL_REF_AREA.GA1000010,CL_COMP_BREAKDOWN.HZT_STORM,7
2017,CL_SERIES.VC_DSR_N,CL_REF_AREA.GA1000010,CL_COMP_BREAKDOWN.HZT_STORM,13
2015,CL_SERIES.VC_DSR_N,CL_REF_AREA.GA1000010,,18
2016,CL_SERIES.VC_DSR_N,CL_REF_AREA.GA1000010,,40
2017,CL_SERIES.VC_DSR_N,CL_REF_AREA.GA1000010,,59
2015,CL_SERIES.VC_DSR_N,CL_REF_AREA.GA1000011,CL_COMP_BREAKDOWN.HZT_FIREX,22
2016,CL_SERIES.VC_DSR_N,CL_REF_AREA.GA1000011,CL_COMP_BREAKDOWN.HZT_FIREX,33
2017,CL_SERIES.VC_DSR_N,CL_REF_AREA.GA1000011,CL_COMP_BREAKDOWN.HZT_FIREX,35
2015,CL_SERIES.VC_DSR_N,CL_REF_AREA.GA1000011,CL_COMP_BREAKDOWN.HZT_FLOOD,15
2016,CL_SERIES.VC_DSR_N,CL_REF_AREA.GA1000011,CL_COMP_BREAKDOWN.HZT_FLOOD,15
2017,CL_SERIES.VC_DSR_N,CL_REF_AREA.GA1000011,CL_COMP_BREAKDOWN.HZT_FLOOD,3
2015,CL_SERIES.VC_DSR_N,CL_REF_AREA.GA1000011,CL_COMP_BREAKDOWN.HZT_STORM,7
2016,CL_SERIES.VC_DSR_N,CL_REF_AREA.GA1000011,CL_COMP_BREAKDOWN.HZT_STORM,23
2017,CL_SERIES.VC_DSR_N,CL_REF_AREA.GA1000011,CL_COMP_BREAKDOWN.HZT_STORM,53
2015,CL_SERIES.VC_DSR_N,CL_REF_AREA.GA1000011,CL_COMP_BREAKDOWN.HZT_THDR_LGT_STROKE,2
2016,CL_SERIES.VC_DSR_N,CL_REF_AREA.GA1000011,CL_COMP_BREAKDOWN.HZT_THDR_LGT_STROKE,4
2017,CL_SERIES.VC_DSR_N,CL_REF_AREA.GA1000011,CL_COMP_BREAKDOWN.HZT_THDR_LGT_STROKE,6
2015,CL_SERIES.VC_DSR_N,CL_REF_AREA.GA1000011,CL_COMP_BREAKDOWN.HZT_CNFLCT,2
2016,CL_SERIES.VC_DSR_N,CL_REF_AREA.GA1000011,CL_COMP_BREAKDOWN.HZT_CNFLCT,1
2017,CL_SERIES.VC_DSR_N,CL_REF_AREA.GA1000011,CL_COMP_BREAKDOWN.HZT_CNFLCT,2
2015,CL_SERIES.VC_DSR_N,CL_REF_AREA.GA1000011,,48
2016,CL_SERIES.VC_DSR_N,CL_REF_AREA.GA1000011,,88
2017,CL_SERIES.VC_DSR_N,CL_REF_AREA.GA1000011,,125
2015,CL_SERIES.VC_DSR_N,CL_REF_AREA.GA1000013,CL_COMP_BREAKDOWN.HZT_FIREX,7
2016,CL_SERIES.VC_DSR_N,CL_REF_AREA.GA1000013,CL_COMP_BREAKDOWN.HZT_FIREX,61
2017,CL_SERIES.VC_DSR_N,CL_REF_AREA.GA1000013,CL_COMP_BREAKDOWN.HZT_FIREX,84
2015,CL_SERIES.VC_DSR_N,CL_REF_AREA.GA1000013,CL_COMP_BREAKDOWN.HZT_FLOOD,6
2016,CL_SERIES.VC_DSR_N,CL_REF_AREA.GA1000013,CL_COMP_BREAKDOWN.HZT_FLOOD,5
2017,CL_SERIES.VC_DSR_N,CL_REF_AREA.GA1000013,CL_COMP_BREAKDOWN.HZT_FLOOD,1
2015,CL_SERIES.VC_DSR_N,CL_REF_AREA.GA1000013,CL_COMP_BREAKDOWN.HZT_STORM,12
2016,CL_SERIES.VC_DSR_N,CL_REF_AREA.GA1000013,CL_COMP_BREAKDOWN.HZT_STORM,66
2017,CL_SERIES.VC_DSR_N,CL_REF_AREA.GA1000013,CL_COMP_BREAKDOWN.HZT_STORM,55
2015,CL_SERIES.VC_DSR_N,CL_REF_AREA.GA1000013,CL_COMP_BREAKDOWN.HZT_CNFLCT,7
2016,CL_SERIES.VC_DSR_N,CL_REF_AREA.GA1000013,CL_COMP_BREAKDOWN.HZT_CNFLCT,98
2017,CL_SERIES.VC_DSR_N,CL_REF_AREA.GA1000013,CL_COMP_BREAKDOWN.HZT_CNFLCT,60
2015,CL_SERIES.VC_DSR_N,CL_REF_AREA.GA1000013,,32
2016,CL_SERIES.VC_DSR_N,CL_REF_AREA.GA1000013,,243
2017,CL_SERIES.VC_DSR_N,CL_REF_AREA.GA1000013,,271
2015,CL_SERIES.VC_DSR_N,CL_REF_AREA.GA1000012,CL_COMP_BREAKDOWN.HZT_FIREX,15
2016,CL_SERIES.VC_DSR_N,CL_REF_AREA.GA1000012,CL_COMP_BREAKDOWN.HZT_FIREX,26
2017,CL_SERIES.VC_DSR_N,CL_REF_AREA.GA1000012,CL_COMP_BREAKDOWN.HZT_FIREX,37
2015,CL_SERIES.VC_DSR_N,CL_REF_AREA.GA1000012,CL_COMP_BREAKDOWN.HZT_FLOOD,6
2016,CL_SERIES.VC_DSR_N,CL_REF_AREA.GA1000012,CL_COMP_BREAKDOWN.HZT_FLOOD,5
2017,CL_SERIES.VC_DSR_N,CL_REF_AREA.GA1000012,CL_COMP_BREAKDOWN.HZT_FLOOD,2
2015,CL_SERIES.VC_DSR_N,CL_REF_AREA.GA1000012,CL_COMP_BREAKDOWN.HZT_STORM,3
2016,CL_SERIES.VC_DSR_N,CL_REF_AREA.GA1000012,CL_COMP_BREAKDOWN.HZT_STORM,11
2017,CL_SERIES.VC_DSR_N,CL_REF_AREA.GA1000012,CL_COMP_BREAKDOWN.HZT_STORM,10
2015,CL_SERIES.VC_DSR_N,CL_REF_AREA.GA1000012,CL_COMP_BREAKDOWN.HZT_THDR_LGT_STROKE,1
2016,CL_SERIES.VC_DSR_N,CL_REF_AREA.GA1000012,CL_COMP_BREAKDOWN.HZT_THDR_LGT_STROKE,3
2017,CL_SERIES.VC_DSR_N,CL_REF_AREA.GA1000012,CL_COMP_BREAKDOWN.HZT_THDR_LGT_STROKE,4
2015,CL_SERIES.VC_DSR_N,CL_REF_AREA.GA1000012,,25
2016,CL_SERIES.VC_DSR_N,CL_REF_AREA.GA1000012,,55
2017,CL_SERIES.VC_DSR_N,CL_REF_AREA.GA1000012,,72
2015,CL_SERIES.VC_DSR_N,CL_REF_AREA.GA1000014,CL_COMP_BREAKDOWN.HZT_FIREX,29
2016,CL_SERIES.VC_DSR_N,CL_REF_AREA.GA1000014,CL_COMP_BREAKDOWN.HZT_FIREX,50
2017,CL_SERIES.VC_DSR_N,CL_REF_AREA.GA1000014,CL_COMP_BREAKDOWN.HZT_FIREX,57
2015,CL_SERIES.VC_DSR_N,CL_REF_AREA.GA1000014,CL_COMP_BREAKDOWN.HZT_FLOOD,20
2016,CL_SERIES.VC_DSR_N,CL_REF_AREA.GA1000014,CL_COMP_BREAKDOWN.HZT_FLOOD,44
2017,CL_SERIES.VC_DSR_N,CL_REF_AREA.GA1000014,CL_COMP_BREAKDOWN.HZT_FLOOD,24
2015,CL_SERIES.VC_DSR_N,CL_REF_AREA.GA1000014,CL_COMP_BREAKDOWN.HZT_STORM,40
2016,CL_SERIES.VC_DSR_N,CL_REF_AREA.GA1000014,CL_COMP_BREAKDOWN.HZT_STORM,71
2017,CL_SERIES.VC_DSR_N,CL_REF_AREA.GA1000014,CL_COMP_BREAKDOWN.HZT_STORM,143
2015,CL_SERIES.VC_DSR_N,CL_REF_AREA.GA1000014,CL_COMP_BREAKDOWN.HZT_EROSN_RVRBK,16
2016,CL_SERIES.VC_DSR_N,CL_REF_AREA.GA1000014,CL_COMP_BREAKDOWN.HZT_EROSN_RVRBK,57
2017,CL_SERIES.VC_DSR_N,CL_REF_AREA.GA1000014,CL_COMP_BREAKDOWN.HZT_EROSN_RVRBK,266
2015,CL_SERIES.VC_DSR_N,CL_REF_AREA.GA1000014,CL_COMP_BREAKDOWN.HZT_THDR_LGT_STROKE,2
2016,CL_SERIES.VC_DSR_N,CL_REF_AREA.GA1000014,CL_COMP_BREAKDOWN.HZT_THDR_LGT_STROKE,11
2017,CL_SERIES.VC_DSR_N,CL_REF_AREA.GA1000014,CL_COMP_BREAKDOWN.HZT_THDR_LGT_STROKE,27
2015,CL_SERIES.VC_DSR_N,CL_REF_AREA.GA1000014,,107
2016,CL_SERIES.VC_DSR_N,CL_REF_AREA.GA1000014,,236
2017,CL_SERIES.VC_DSR_N,CL_REF_AREA.GA1000014,,523
2015,CL_SERIES.VC_DSR_N,CL_REF_AREA.GA1000015,CL_COMP_BREAKDOWN.HZT_FIREX,3
2016,CL_SERIES.VC_DSR_N,CL_REF_AREA.GA1000015,CL_COMP_BREAKDOWN.HZT_FIREX,12
2017,CL_SERIES.VC_DSR_N,CL_REF_AREA.GA1000015,CL_COMP_BREAKDOWN.HZT_FIREX,13
2015,CL_SERIES.VC_DSR_N,CL_REF_AREA.GA1000015,CL_COMP_BREAKDOWN.HZT_STORM,11
2016,CL_SERIES.VC_DSR_N,CL_REF_AREA.GA1000015,CL_COMP_BREAKDOWN.HZT_STORM,10
2017,CL_SERIES.VC_DSR_N,CL_REF_AREA.GA1000015,CL_COMP_BREAKDOWN.HZT_STORM,20
2015,CL_SERIES.VC_DSR_N,CL_REF_AREA.GA1000015,CL_COMP_BREAKDOWN.HZT_THDR_LGT_STROKE,2
2016,CL_SERIES.VC_DSR_N,CL_REF_AREA.GA1000015,CL_COMP_BREAKDOWN.HZT_THDR_LGT_STROKE,2
2017,CL_SERIES.VC_DSR_N,CL_REF_AREA.GA1000015,CL_COMP_BREAKDOWN.HZT_THDR_LGT_STROKE,2
2015,CL_SERIES.VC_DSR_N,CL_REF_AREA.GA1000015,,16
2016,CL_SERIES.VC_DSR_N,CL_REF_AREA.GA1000015,,42
2017,CL_SERIES.VC_DSR_N,CL_REF_AREA.GA1000015,,49
2016,CL_SERIES.VC_DSR_N,,CL_COMP_BREAKDOWN.HZT_ERQAK,6
2016,CL_SERIES.VC_DSR_N,CL_REF_AREA.GA1000001,CL_COMP_BREAKDOWN.HZT_EROSN_RVRBK,33
2017,CL_SERIES.VC_DSR_N,CL_REF_AREA.GA1000001,CL_COMP_BREAKDOWN.HZT_EROSN_RVRBK,7
2016,CL_SERIES.VC_DSR_N,CL_REF_AREA.GA1000001,CL_COMP_BREAKDOWN.HZT_OTHER,5
2017,CL_SERIES.VC_DSR_N,CL_REF_AREA.GA1000001,CL_COMP_BREAKDOWN.HZT_OTHER,19
2016,CL_SERIES.VC_DSR_N,CL_REF_AREA.GA1000003,CL_COMP_BREAKDOWN.HZT_LNDSL,3
2017,CL_SERIES.VC_DSR_N,CL_REF_AREA.GA1000003,CL_COMP_BREAKDOWN.HZT_LNDSL,3
2016,CL_SERIES.VC_DSR_N,CL_REF_AREA.GA1000003,CL_COMP_BREAKDOWN.HZT_CNFLCT,6
2017,CL_SERIES.VC_DSR_N,CL_REF_AREA.GA1000003,CL_COMP_BREAKDOWN.HZT_CNFLCT,2
2016,CL_SERIES.VC_DSR_N,CL_REF_AREA.GA1000003,CL_COMP_BREAKDOWN.HZT_OTHER,2
2017,CL_SERIES.VC_DSR_N,CL_REF_AREA.GA1000003,CL_COMP_BREAKDOWN.HZT_OTHER,2
2016,CL_SERIES.VC_DSR_N,CL_REF_AREA.GA1000004,CL_COMP_BREAKDOWN.HZT_FLOOD,2
2017,CL_SERIES.VC_DSR_N,CL_REF_AREA.GA1000004,CL_COMP_BREAKDOWN.HZT_FLOOD,3
2016,CL_SERIES.VC_DSR_N,CL_REF_AREA.GA1000004,CL_COMP_BREAKDOWN.HZT_STORM,21
2017,CL_SERIES.VC_DSR_N,CL_REF_AREA.GA1000004,CL_COMP_BREAKDOWN.HZT_STORM,44
2016,CL_SERIES.VC_DSR_N,CL_REF_AREA.GA1000006,CL_COMP_BREAKDOWN.HZT_OTHER,2
2017,CL_SERIES.VC_DSR_N,CL_REF_AREA.GA1000006,CL_COMP_BREAKDOWN.HZT_OTHER,4
2016,CL_SERIES.VC_DSR_N,CL_REF_AREA.GA1000008,CL_COMP_BREAKDOWN.HZT_ERQAK,4
2016,CL_SERIES.VC_DSR_N,CL_REF_AREA.GA1000008,CL_COMP_BREAKDOWN.HZT_LNDSL,1
2017,CL_SERIES.VC_DSR_N,CL_REF_AREA.GA1000008,CL_COMP_BREAKDOWN.HZT_LNDSL,2
2016,CL_SERIES.VC_DSR_N,CL_REF_AREA.GA1000008,CL_COMP_BREAKDOWN.HZT_THDR_LGT_STROKE,3
2017,CL_SERIES.VC_DSR_N,CL_REF_AREA.GA1000008,CL_COMP_BREAKDOWN.HZT_THDR_LGT_STROKE,11
2016,CL_SERIES.VC_DSR_N,CL_REF_AREA.GA1000008,CL_COMP_BREAKDOWN.HZT_OTHER,1
2017,CL_SERIES.VC_DSR_N,CL_REF_AREA.GA1000008,CL_COMP_BREAKDOWN.HZT_OTHER,4
2016,CL_SERIES.VC_DSR_N,CL_REF_AREA.GA1000009,CL_COMP_BREAKDOWN.HZT_OTHER,1
2016,CL_SERIES.VC_DSR_N,CL_REF_AREA.GA1000010,CL_COMP_BREAKDOWN.HZT_EROSN_RVRBK,2
2017,CL_SERIES.VC_DSR_N,CL_REF_AREA.GA1000010,CL_COMP_BREAKDOWN.HZT_EROSN_RVRBK,2
2016,CL_SERIES.VC_DSR_N,CL_REF_AREA.GA1000010,CL_COMP_BREAKDOWN.HZT_LNDSL,1
2017,CL_SERIES.VC_DSR_N,CL_REF_AREA.GA1000010,CL_COMP_BREAKDOWN.HZT_LNDSL,3
2016,CL_SERIES.VC_DSR_N,CL_REF_AREA.GA1000010,CL_COMP_BREAKDOWN.HZT_CNFLCT,1
2016,CL_SERIES.VC_DSR_N,CL_REF_AREA.GA1000011,CL_COMP_BREAKDOWN.HZT_ERQAK,1
2016,CL_SERIES.VC_DSR_N,CL_REF_AREA.GA1000011,CL_COMP_BREAKDOWN.HZT_EROSN_RVRBK,2
2017,CL_SERIES.VC_DSR_N,CL_REF_AREA.GA1000011,CL_COMP_BREAKDOWN.HZT_EROSN_RVRBK,2
2016,CL_SERIES.VC_DSR_N,CL_REF_AREA.GA1000011,CL_COMP_BREAKDOWN.HZT_LNDSL,4
2016,CL_SERIES.VC_DSR_N,CL_REF_AREA.GA1000011,CL_COMP_BREAKDOWN.HZT_OTHER,5
2017,CL_SERIES.VC_DSR_N,CL_REF_AREA.GA1000011,CL_COMP_BREAKDOWN.HZT_OTHER,24
2016,CL_SERIES.VC_DSR_N,CL_REF_AREA.GA1000013,CL_COMP_BREAKDOWN.HZT_LNDSL,4
2017,CL_SERIES.VC_DSR_N,CL_REF_AREA.GA1000013,CL_COMP_BREAKDOWN.HZT_LNDSL,14
2016,CL_SERIES.VC_DSR_N,CL_REF_AREA.GA1000013,CL_COMP_BREAKDOWN.HZT_THDR_LGT_STROKE,8
2017,CL_SERIES.VC_DSR_N,CL_REF_AREA.GA1000013,CL_COMP_BREAKDOWN.HZT_THDR_LGT_STROKE,11
2016,CL_SERIES.VC_DSR_N,CL_REF_AREA.GA1000013,CL_COMP_BREAKDOWN.HZT_OTHER,1
2017,CL_SERIES.VC_DSR_N,CL_REF_AREA.GA1000013,CL_COMP_BREAKDOWN.HZT_OTHER,46
2016,CL_SERIES.VC_DSR_N,CL_REF_AREA.GA1000012,CL_COMP_BREAKDOWN.HZT_ERQAK,1
2016,CL_SERIES.VC_DSR_N,CL_REF_AREA.GA1000012,CL_COMP_BREAKDOWN.HZT_EROSN_RVRBK,6
2017,CL_SERIES.VC_DSR_N,CL_REF_AREA.GA1000012,CL_COMP_BREAKDOWN.HZT_EROSN_RVRBK,12
2016,CL_SERIES.VC_DSR_N,CL_REF_AREA.GA1000012,CL_COMP_BREAKDOWN.HZT_OTHER,3
2017,CL_SERIES.VC_DSR_N,CL_REF_AREA.GA1000012,CL_COMP_BREAKDOWN.HZT_OTHER,6
2016,CL_SERIES.VC_DSR_N,CL_REF_AREA.GA1000014,CL_COMP_BREAKDOWN.HZT_OTHER,3
2017,CL_SERIES.VC_DSR_N,CL_REF_AREA.GA1000014,CL_COMP_BREAKDOWN.HZT_OTHER,6
2016,CL_SERIES.VC_DSR_N,CL_REF_AREA.GA1000015,CL_COMP_BREAKDOWN.HZT_FLOOD,9
2017,CL_SERIES.VC_DSR_N,CL_REF_AREA.GA1000015,CL_COMP_BREAKDOWN.HZT_FLOOD,5
2016,CL_SERIES.VC_DSR_N,CL_REF_AREA.GA1000015,CL_COMP_BREAKDOWN.HZT_EROSN_RVRBK,9
2017,CL_SERIES.VC_DSR_N,CL_REF_AREA.GA1000015,CL_COMP_BREAKDOWN.HZT_EROSN_RVRBK,7
2017,CL_SERIES.VC_DSR_N,CL_REF_AREA.GA1000002,CL_COMP_BREAKDOWN.HZT_THDR_LGT_STROKE,3
2017,CL_SERIES.VC_DSR_N,CL_REF_AREA.GA1000003,CL_COMP_BREAKDOWN.HZT_EROSN_RVRBK,1
2017,CL_SERIES.VC_DSR_N,CL_REF_AREA.GA1000004,CL_COMP_BREAKDOWN.HZT_EROSN_RVRBK,3
2017,CL_SERIES.VC_DSR_N,CL_REF_AREA.GA1000004,CL_COMP_BREAKDOWN.HZT_CNFLCT,5
2017,CL_SERIES.VC_DSR_N,CL_REF_AREA.GA1000004,CL_COMP_BREAKDOWN.HZT_OTHER,3
2017,CL_SERIES.VC_DSR_N,CL_REF_AREA.GA1000005,CL_COMP_BREAKDOWN.HZT_CNFLCT,1
2017,CL_SERIES.VC_DSR_N,CL_REF_AREA.GA1000007,CL_COMP_BREAKDOWN.HZT_OTHER,2
2017,CL_SERIES.VC_DSR_N,CL_REF_AREA.GA1000009,CL_COMP_BREAKDOWN.HZT_THDR_LGT_STROKE,10
2017,CL_SERIES.VC_DSR_N,CL_REF_AREA.GA1000010,CL_COMP_BREAKDOWN.HZT_THDR_LGT_STROKE,3
2017,CL_SERIES.VC_DSR_N,CL_REF_AREA.GA1000010,CL_COMP_BREAKDOWN.HZT_OTHER,3
2017,CL_SERIES.VC_DSR_N,CL_REF_AREA.GA1000012,CL_COMP_BREAKDOWN.HZT_LNDSL,1
2017,CL_SERIES.VC_DSR_N,CL_REF_AREA.GA1000015,CL_COMP_BREAKDOWN.HZT_OTHER,2
2015,CL_SERIES.VC_DSR_MORT,,CL_COMP_BREAKDOWN.HZT_LNDSL,150
2016,CL_SERIES.VC_DSR_MORT,,CL_COMP_BREAKDOWN.HZT_LNDSL,70
2017,CL_SERIES.VC_DSR_MORT,,CL_COMP_BREAKDOWN.HZT_LNDSL,48
2015,CL_SERIES.VC_DSR_MORT,,CL_COMP_BREAKDOWN.HZT_THDR_LGT_STROKE,50
2016,CL_SERIES.VC_DSR_MORT,,CL_COMP_BREAKDOWN.HZT_THDR_LGT_STROKE,59
2017,CL_SERIES.VC_DSR_MORT,,CL_COMP_BREAKDOWN.HZT_THDR_LGT_STROKE,115
2015,CL_SERIES.VC_DSR_MORT,,CL_COMP_BREAKDOWN.HZT_CNFLCT,11
2016,CL_SERIES.VC_DSR_MORT,,CL_COMP_BREAKDOWN.HZT_CNFLCT,18
2017,CL_SERIES.VC_DSR_MORT,,CL_COMP_BREAKDOWN.HZT_CNFLCT,13
2015,CL_SERIES.VC_DSR_MORT,,CL_COMP_BREAKDOWN.HZT_OTHER,7
2016,CL_SERIES.VC_DSR_MORT,,CL_COMP_BREAKDOWN.HZT_OTHER,167
2017,CL_SERIES.VC_DSR_MORT,,CL_COMP_BREAKDOWN.HZT_OTHER,256
2015,CL_SERIES.VC_DSR_MORT,,,218
2016,CL_SERIES.VC_DSR_MORT,,,518
2017,CL_SERIES.VC_DSR_MORT,,,554
2015,CL_SERIES.VC_DSR_MORT,CL_REF_AREA.GA1000001,CL_COMP_BREAKDOWN.HZT_LNDSL,114
2016,CL_SERIES.VC_DSR_MORT,CL_REF_AREA.GA1000001,CL_COMP_BREAKDOWN.HZT_LNDSL,61
2017,CL_SERIES.VC_DSR_MORT,CL_REF_AREA.GA1000001,CL_COMP_BREAKDOWN.HZT_LNDSL,41
2015,CL_SERIES.VC_DSR_MORT,CL_REF_AREA.GA1000001,CL_COMP_BREAKDOWN.HZT_THDR_LGT_STROKE,4
2016,CL_SERIES.VC_DSR_MORT,CL_REF_AREA.GA1000001,CL_COMP_BREAKDOWN.HZT_THDR_LGT_STROKE,6
2017,CL_SERIES.VC_DSR_MORT,CL_REF_AREA.GA1000001,CL_COMP_BREAKDOWN.HZT_THDR_LGT_STROKE,1
2015,CL_SERIES.VC_DSR_MORT,CL_REF_AREA.GA1000001,,118
2016,CL_SERIES.VC_DSR_MORT,CL_REF_AREA.GA1000001,,97
2017,CL_SERIES.VC_DSR_MORT,CL_REF_AREA.GA1000001,,62
2015,CL_SERIES.VC_DSR_MORT,CL_REF_AREA.GA1000002,CL_COMP_BREAKDOWN.HZT_LNDSL,22
2015,CL_SERIES.VC_DSR_MORT,CL_REF_AREA.GA1000002,,22
2016,CL_SERIES.VC_DSR_MORT,CL_REF_AREA.GA1000002,,1
2017,CL_SERIES.VC_DSR_MORT,CL_REF_AREA.GA1000002,,2
2015,CL_SERIES.VC_DSR_MORT,CL_REF_AREA.GA1000003,CL_COMP_BREAKDOWN.HZT_THDR_LGT_STROKE,4
2017,CL_SERIES.VC_DSR_MORT,CL_REF_AREA.GA1000003,CL_COMP_BREAKDOWN.HZT_THDR_LGT_STROKE,4
2015,CL_SERIES.VC_DSR_MORT,CL_REF_AREA.GA1000003,,4
2016,CL_SERIES.VC_DSR_MORT,CL_REF_AREA.GA1000003,,4
2017,CL_SERIES.VC_DSR_MORT,CL_REF_AREA.GA1000003,,7
2015,CL_SERIES.VC_DSR_MORT,CL_REF_AREA.GA1000004,CL_COMP_BREAKDOWN.HZT_LNDSL,9
2016,CL_SERIES.VC_DSR_MORT,CL_REF_AREA.GA1000004,CL_COMP_BREAKDOWN.HZT_LNDSL,2
2015,CL_SERIES.VC_DSR_MORT,CL_REF_AREA.GA1000004,CL_COMP_BREAKDOWN.HZT_THDR_LGT_STROKE,1
2015,CL_SERIES.VC_DSR_MORT,CL_REF_AREA.GA1000004,,10
2016,CL_SERIES.VC_DSR_MORT,CL_REF_AREA.GA1000004,,11
2017,CL_SERIES.VC_DSR_MORT,CL_REF_AREA.GA1000004,,8
2015,CL_SERIES.VC_DSR_MORT,CL_REF_AREA.GA1000005,CL_COMP_BREAKDOWN.HZT_LNDSL,1
2015,CL_SERIES.VC_DSR_MORT,CL_REF_AREA.GA1000005,CL_COMP_BREAKDOWN.HZT_THDR_LGT_STROKE,9
2016,CL_SERIES.VC_DSR_MORT,CL_REF_AREA.GA1000005,CL_COMP_BREAKDOWN.HZT_THDR_LGT_STROKE,8
2017,CL_SERIES.VC_DSR_MORT,CL_REF_AREA.GA1000005,CL_COMP_BREAKDOWN.HZT_THDR_LGT_STROKE,6
2015,CL_SERIES.VC_DSR_MORT,CL_REF_AREA.GA1000005,CL_COMP_BREAKDOWN.HZT_OTHER,7
2016,CL_SERIES.VC_DSR_MORT,CL_REF_AREA.GA1000005,CL_COMP_BREAKDOWN.HZT_OTHER,144
2017,CL_SERIES.VC_DSR_MORT,CL_REF_AREA.GA1000005,CL_COMP_BREAKDOWN.HZT_OTHER,4
2015,CL_SERIES.VC_DSR_MORT,CL_REF_AREA.GA1000005,,17
2016,CL_SERIES.VC_DSR_MORT,CL_REF_AREA.GA1000005,,174
2017,CL_SERIES.VC_DSR_MORT,CL_REF_AREA.GA1000005,,19
2015,CL_SERIES.VC_DSR_MORT,CL_REF_AREA.GA1000006,CL_COMP_BREAKDOWN.HZT_THDR_LGT_STROKE,2
2016,CL_SERIES.VC_DSR_MORT,CL_REF_AREA.GA1000006,CL_COMP_BREAKDOWN.HZT_THDR_LGT_STROKE,1
2017,CL_SERIES.VC_DSR_MORT,CL_REF_AREA.GA1000006,CL_COMP_BREAKDOWN.HZT_THDR_LGT_STROKE,9
2015,CL_SERIES.VC_DSR_MORT,CL_REF_AREA.GA1000006,,2
2016,CL_SERIES.VC_DSR_MORT,CL_REF_AREA.GA1000006,,9
2017,CL_SERIES.VC_DSR_MORT,CL_REF_AREA.GA1000006,,140
2015,CL_SERIES.VC_DSR_MORT,CL_REF_AREA.GA1000007,CL_COMP_BREAKDOWN.HZT_THDR_LGT_STROKE,21
2016,CL_SERIES.VC_DSR_MORT,CL_REF_AREA.GA1000007,CL_COMP_BREAKDOWN.HZT_THDR_LGT_STROKE,12
2017,CL_SERIES.VC_DSR_MORT,CL_REF_AREA.GA1000007,CL_COMP_BREAKDOWN.HZT_THDR_LGT_STROKE,16
2015,CL_SERIES.VC_DSR_MORT,CL_REF_AREA.GA1000007,,21
2016,CL_SERIES.VC_DSR_MORT,CL_REF_AREA.GA1000007,,22
2017,CL_SERIES.VC_DSR_MORT,CL_REF_AREA.GA1000007,,35
2015,CL_SERIES.VC_DSR_MORT,CL_REF_AREA.GA1000009,CL_COMP_BREAKDOWN.HZT_LNDSL,4
2015,CL_SERIES.VC_DSR_MORT,CL_REF_AREA.GA1000009,,4
2016,CL_SERIES.VC_DSR_MORT,CL_REF_AREA.GA1000009,,32
2017,CL_SERIES.VC_DSR_MORT,CL_REF_AREA.GA1000009,,20
2015,CL_SERIES.VC_DSR_MORT,CL_REF_AREA.GA1000011,CL_COMP_BREAKDOWN.HZT_THDR_LGT_STROKE,2
2016,CL_SERIES.VC_DSR_MORT,CL_REF_AREA.GA1000011,CL_COMP_BREAKDOWN.HZT_THDR_LGT_STROKE,4
2017,CL_SERIES.VC_DSR_MORT,CL_REF_AREA.GA1000011,CL_COMP_BREAKDOWN.HZT_THDR_LGT_STROKE,8
2015,CL_SERIES.VC_DSR_MORT,CL_REF_AREA.GA1000011,,2
2016,CL_SERIES.VC_DSR_MORT,CL_REF_AREA.GA1000011,,43
2017,CL_SERIES.VC_DSR_MORT,CL_REF_AREA.GA1000011,,65
2015,CL_SERIES.VC_DSR_MORT,CL_REF_AREA.GA1000013,CL_COMP_BREAKDOWN.HZT_CNFLCT,11
2016,CL_SERIES.VC_DSR_MORT,CL_REF_AREA.GA1000013,CL_COMP_BREAKDOWN.HZT_CNFLCT,15
2017,CL_SERIES.VC_DSR_MORT,CL_REF_AREA.GA1000013,CL_COMP_BREAKDOWN.HZT_CNFLCT,13
2015,CL_SERIES.VC_DSR_MORT,CL_REF_AREA.GA1000013,,11
2016,CL_SERIES.VC_DSR_MORT,CL_REF_AREA.GA1000013,,57
2017,CL_SERIES.VC_DSR_MORT,CL_REF_AREA.GA1000013,,74
2015,CL_SERIES.VC_DSR_MORT,CL_REF_AREA.GA1000012,CL_COMP_BREAKDOWN.HZT_THDR_LGT_STROKE,1
2016,CL_SERIES.VC_DSR_MORT,CL_REF_AREA.GA1000012,CL_COMP_BREAKDOWN.HZT_THDR_LGT_STROKE,3
2017,CL_SERIES.VC_DSR_MORT,CL_REF_AREA.GA1000012,CL_COMP_BREAKDOWN.HZT_THDR_LGT_STROKE,5
2015,CL_SERIES.VC_DSR_MORT,CL_REF_AREA.GA1000012,,1
2016,CL_SERIES.VC_DSR_MORT,CL_REF_AREA.GA1000012,,14
2017,CL_SERIES.VC_DSR_MORT,CL_REF_AREA.GA1000012,,7
2015,CL_SERIES.VC_DSR_MORT,CL_REF_AREA.GA1000014,CL_COMP_BREAKDOWN.HZT_THDR_LGT_STROKE,4
2016,CL_SERIES.VC_DSR_MORT,CL_REF_AREA.GA1000014,CL_COMP_BREAKDOWN.HZT_THDR_LGT_STROKE,11
2017,CL_SERIES.VC_DSR_MORT,CL_REF_AREA.GA1000014,CL_COMP_BREAKDOWN.HZT_THDR_LGT_STROKE,27
2015,CL_SERIES.VC_DSR_MORT,CL_REF_AREA.GA1000014,,4
2016,CL_SERIES.VC_DSR_MORT,CL_REF_AREA.GA1000014,,23
2017,CL_SERIES.VC_DSR_MORT,CL_REF_AREA.GA1000014,,73
2015,CL_SERIES.VC_DSR_MORT,CL_REF_AREA.GA1000015,CL_COMP_BREAKDOWN.HZT_THDR_LGT_STROKE,2
2016,CL_SERIES.VC_DSR_MORT,CL_REF_AREA.GA1000015,CL_COMP_BREAKDOWN.HZT_THDR_LGT_STROKE,2
2017,CL_SERIES.VC_DSR_MORT,CL_REF_AREA.GA1000015,CL_COMP_BREAKDOWN.HZT_THDR_LGT_STROKE,2
2015,CL_SERIES.VC_DSR_MORT,CL_REF_AREA.GA1000015,,2
2016,CL_SERIES.VC_DSR_MORT,CL_REF_AREA.GA1000015,,7
2017,CL_SERIES.VC_DSR_MORT,CL_REF_AREA.GA1000015,,3
2016,CL_SERIES.VC_DSR_MORT,,CL_COMP_BREAKDOWN.HZT_FIREX,70
2017,CL_SERIES.VC_DSR_MORT,,CL_COMP_BREAKDOWN.HZT_FIREX,67
2016,CL_SERIES.VC_DSR_MORT,,CL_COMP_BREAKDOWN.HZT_FLOOD,77
2017,CL_SERIES.VC_DSR_MORT,,CL_COMP_BREAKDOWN.HZT_FLOOD,21
2016,CL_SERIES.VC_DSR_MORT,,CL_COMP_BREAKDOWN.HZT_STORM,54
2017,CL_SERIES.VC_DSR_MORT,,CL_COMP_BREAKDOWN.HZT_STORM,34
2016,CL_SERIES.VC_DSR_MORT,,CL_COMP_BREAKDOWN.HZT_ERQAK,3
2016,CL_SERIES.VC_DSR_MORT,CL_REF_AREA.GA1000001,CL_COMP_BREAKDOWN.HZT_FIREX,6
2017,CL_SERIES.VC_DSR_MORT,CL_REF_AREA.GA1000001,CL_COMP_BREAKDOWN.HZT_FIREX,1
2016,CL_SERIES.VC_DSR_MORT,CL_REF_AREA.GA1000001,CL_COMP_BREAKDOWN.HZT_FLOOD,15
2017,CL_SERIES.VC_DSR_MORT,CL_REF_AREA.GA1000001,CL_COMP_BREAKDOWN.HZT_FLOOD,3
2016,CL_SERIES.VC_DSR_MORT,CL_REF_AREA.GA1000001,CL_COMP_BREAKDOWN.HZT_STORM,2
2017,CL_SERIES.VC_DSR_MORT,CL_REF_AREA.GA1000001,CL_COMP_BREAKDOWN.HZT_STORM,3
2016,CL_SERIES.VC_DSR_MORT,CL_REF_AREA.GA1000001,CL_COMP_BREAKDOWN.HZT_OTHER,7
2017,CL_SERIES.VC_DSR_MORT,CL_REF_AREA.GA1000001,CL_COMP_BREAKDOWN.HZT_OTHER,13
2016,CL_SERIES.VC_DSR_MORT,CL_REF_AREA.GA1000002,CL_COMP_BREAKDOWN.HZT_STORM,1
2017,CL_SERIES.VC_DSR_MORT,CL_REF_AREA.GA1000002,CL_COMP_BREAKDOWN.HZT_STORM,1
2016,CL_SERIES.VC_DSR_MORT,CL_REF_AREA.GA1000003,CL_COMP_BREAKDOWN.HZT_LNDSL,4
2016,CL_SERIES.VC_DSR_MORT,CL_REF_AREA.GA1000004,CL_COMP_BREAKDOWN.HZT_FIREX,7
2017,CL_SERIES.VC_DSR_MORT,CL_REF_AREA.GA1000004,CL_COMP_BREAKDOWN.HZT_FIREX,4
2016,CL_SERIES.VC_DSR_MORT,CL_REF_AREA.GA1000004,CL_COMP_BREAKDOWN.HZT_FLOOD,2
2017,CL_SERIES.VC_DSR_MORT,CL_REF_AREA.GA1000004,CL_COMP_BREAKDOWN.HZT_FLOOD,3
2016,CL_SERIES.VC_DSR_MORT,CL_REF_AREA.GA1000005,CL_COMP_BREAKDOWN.HZT_FLOOD,9
2017,CL_SERIES.VC_DSR_MORT,CL_REF_AREA.GA1000005,CL_COMP_BREAKDOWN.HZT_FLOOD,2
2016,CL_SERIES.VC_DSR_MORT,CL_REF_AREA.GA1000005,CL_COMP_BREAKDOWN.HZT_STORM,13
2017,CL_SERIES.VC_DSR_MORT,CL_REF_AREA.GA1000005,CL_COMP_BREAKDOWN.HZT_STORM,5
2016,CL_SERIES.VC_DSR_MORT,CL_REF_AREA.GA1000006,CL_COMP_BREAKDOWN.HZT_FIREX,1
2017,CL_SERIES.VC_DSR_MORT,CL_REF_AREA.GA1000006,CL_COMP_BREAKDOWN.HZT_FIREX,2
2016,CL_SERIES.VC_DSR_MORT,CL_REF_AREA.GA1000006,CL_COMP_BREAKDOWN.HZT_FLOOD,3
2016,CL_SERIES.VC_DSR_MORT,CL_REF_AREA.GA1000006,CL_COMP_BREAKDOWN.HZT_STORM,2
2017,CL_SERIES.VC_DSR_MORT,CL_REF_AREA.GA1000006,CL_COMP_BREAKDOWN.HZT_STORM,5
2016,CL_SERIES.VC_DSR_MORT,CL_REF_AREA.GA1000006,CL_COMP_BREAKDOWN.HZT_OTHER,2
2017,CL_SERIES.VC_DSR_MORT,CL_REF_AREA.GA1000006,CL_COMP_BREAKDOWN.HZT_OTHER,124
2016,CL_SERIES.VC_DSR_MORT,CL_REF_AREA.GA1000007,CL_COMP_BREAKDOWN.HZT_FIREX,2
2017,CL_SERIES.VC_DSR_MORT,CL_REF_AREA.GA1000007,CL_COMP_BREAKDOWN.HZT_FIREX,11
2016,CL_SERIES.VC_DSR_MORT,CL_REF_AREA.GA1000007,CL_COMP_BREAKDOWN.HZT_FLOOD,4
2016,CL_SERIES.VC_DSR_MORT,CL_REF_AREA.GA1000007,CL_COMP_BREAKDOWN.HZT_STORM,4
2017,CL_SERIES.VC_DSR_MORT,CL_REF_AREA.GA1000007,CL_COMP_BREAKDOWN.HZT_STORM,5
2016,CL_SERIES.VC_DSR_MORT,CL_REF_AREA.GA1000008,CL_COMP_BREAKDOWN.HZT_FIREX,1
2017,CL_SERIES.VC_DSR_MORT,CL_REF_AREA.GA1000008,CL_COMP_BREAKDOWN.HZT_FIREX,16
2016,CL_SERIES.VC_DSR_MORT,CL_REF_AREA.GA1000008,CL_COMP_BREAKDOWN.HZT_FLOOD,12
2017,CL_SERIES.VC_DSR_MORT,CL_REF_AREA.GA1000008,CL_COMP_BREAKDOWN.HZT_FLOOD,6
2016,CL_SERIES.VC_DSR_MORT,CL_REF_AREA.GA1000008,CL_COMP_BREAKDOWN.HZT_STORM,2
2017,CL_SERIES.VC_DSR_MORT,CL_REF_AREA.GA1000008,CL_COMP_BREAKDOWN.HZT_STORM,2
2016,CL_SERIES.VC_DSR_MORT,CL_REF_AREA.GA1000008,CL_COMP_BREAKDOWN.HZT_ERQAK,3
2016,CL_SERIES.VC_DSR_MORT,CL_REF_AREA.GA1000008,CL_COMP_BREAKDOWN.HZT_THDR_LGT_STROKE,4
2017,CL_SERIES.VC_DSR_MORT,CL_REF_AREA.GA1000008,CL_COMP_BREAKDOWN.HZT_THDR_LGT_STROKE,11
2016,CL_SERIES.VC_DSR_MORT,CL_REF_AREA.GA1000008,,22
2017,CL_SERIES.VC_DSR_MORT,CL_REF_AREA.GA1000008,,35
2016,CL_SERIES.VC_DSR_MORT,CL_REF_AREA.GA1000009,CL_COMP_BREAKDOWN.HZT_FIREX,6
2017,CL_SERIES.VC_DSR_MORT,CL_REF_AREA.GA1000009,CL_COMP_BREAKDOWN.HZT_FIREX,1
2016,CL_SERIES.VC_DSR_MORT,CL_REF_AREA.GA1000009,CL_COMP_BREAKDOWN.HZT_FLOOD,4
2017,CL_SERIES.VC_DSR_MORT,CL_REF_AREA.GA1000009,CL_COMP_BREAKDOWN.HZT_FLOOD,5
2016,CL_SERIES.VC_DSR_MORT,CL_REF_AREA.GA1000009,CL_COMP_BREAKDOWN.HZT_STORM,18
2017,CL_SERIES.VC_DSR_MORT,CL_REF_AREA.GA1000009,CL_COMP_BREAKDOWN.HZT_STORM,4
2016,CL_SERIES.VC_DSR_MORT,CL_REF_AREA.GA1000009,CL_COMP_BREAKDOWN.HZT_OTHER,4
2016,CL_SERIES.VC_DSR_MORT,CL_REF_AREA.GA1000010,CL_COMP_BREAKDOWN.HZT_FIREX,2
2016,CL_SERIES.VC_DSR_MORT,CL_REF_AREA.GA1000010,,2
2017,CL_SERIES.VC_DSR_MORT,CL_REF_AREA.GA1000010,,4
2016,CL_SERIES.VC_DSR_MORT,CL_REF_AREA.GA1000011,CL_COMP_BREAKDOWN.HZT_FIREX,10
2017,CL_SERIES.VC_DSR_MORT,CL_REF_AREA.GA1000011,CL_COMP_BREAKDOWN.HZT_FIREX,1
2016,CL_SERIES.VC_DSR_MORT,CL_REF_AREA.GA1000011,CL_COMP_BREAKDOWN.HZT_FLOOD,19
2016,CL_SERIES.VC_DSR_MORT,CL_REF_AREA.GA1000011,CL_COMP_BREAKDOWN.HZT_CNFLCT,3
2016,CL_SERIES.VC_DSR_MORT,CL_REF_AREA.GA1000011,CL_COMP_BREAKDOWN.HZT_OTHER,7
2017,CL_SERIES.VC_DSR_MORT,CL_REF_AREA.GA1000011,CL_COMP_BREAKDOWN.HZT_OTHER,51
2016,CL_SERIES.VC_DSR_MORT,CL_REF_AREA.GA1000013,CL_COMP_BREAKDOWN.HZT_FIREX,20
2017,CL_SERIES.VC_DSR_MORT,CL_REF_AREA.GA1000013,CL_COMP_BREAKDOWN.HZT_FIREX,17
2016,CL_SERIES.VC_DSR_MORT,CL_REF_AREA.GA1000013,CL_COMP_BREAKDOWN.HZT_FLOOD,2
2017,CL_SERIES.VC_DSR_MORT,CL_REF_AREA.GA1000013,CL_COMP_BREAKDOWN.HZT_FLOOD,1
2016,CL_SERIES.VC_DSR_MORT,CL_REF_AREA.GA1000013,CL_COMP_BREAKDOWN.HZT_STORM,9
2017,CL_SERIES.VC_DSR_MORT,CL_REF_AREA.GA1000013,CL_COMP_BREAKDOWN.HZT_STORM,2
2016,CL_SERIES.VC_DSR_MORT,CL_REF_AREA.GA1000013,CL_COMP_BREAKDOWN.HZT_LNDSL,3
2017,CL_SERIES.VC_DSR_MORT,CL_REF_AREA.GA1000013,CL_COMP_BREAKDOWN.HZT_LNDSL,6
2016,CL_SERIES.VC_DSR_MORT,CL_REF_AREA.GA1000013,CL_COMP_BREAKDOWN.HZT_THDR_LGT_STROKE,8
2017,CL_SERIES.VC_DSR_MORT,CL_REF_AREA.GA1000013,CL_COMP_BREAKDOWN.HZT_THDR_LGT_STROKE,12
2016,CL_SERIES.VC_DSR_MORT,CL_REF_AREA.GA1000012,CL_COMP_BREAKDOWN.HZT_FIREX,10
2017,CL_SERIES.VC_DSR_MORT,CL_REF_AREA.GA1000012,CL_COMP_BREAKDOWN.HZT_FIREX,2
2016,CL_SERIES.VC_DSR_MORT,CL_REF_AREA.GA1000012,CL_COMP_BREAKDOWN.HZT_FLOOD,1
2016,CL_SERIES.VC_DSR_MORT,CL_REF_AREA.GA1000014,CL_COMP_BREAKDOWN.HZT_FIREX,5
2017,CL_SERIES.VC_DSR_MORT,CL_REF_AREA.GA1000014,CL_COMP_BREAKDOWN.HZT_FIREX,7
2016,CL_SERIES.VC_DSR_MORT,CL_REF_AREA.GA1000014,CL_COMP_BREAKDOWN.HZT_FLOOD,1
2016,CL_SERIES.VC_DSR_MORT,CL_REF_AREA.GA1000014,CL_COMP_BREAKDOWN.HZT_STORM,3
2017,CL_SERIES.VC_DSR_MORT,CL_REF_AREA.GA1000014,CL_COMP_BREAKDOWN.HZT_STORM,2
2016,CL_SERIES.VC_DSR_MORT,CL_REF_AREA.GA1000014,CL_COMP_BREAKDOWN.HZT_OTHER,3
2017,CL_SERIES.VC_DSR_MORT,CL_REF_AREA.GA1000014,CL_COMP_BREAKDOWN.HZT_OTHER,37
2016,CL_SERIES.VC_DSR_MORT,CL_REF_AREA.GA1000015,CL_COMP_BREAKDOWN.HZT_FLOOD,5
2017,CL_SERIES.VC_DSR_MORT,CL_REF_AREA.GA1000015,CL_COMP_BREAKDOWN.HZT_FLOOD,1
2017,CL_SERIES.VC_DSR_MORT,CL_REF_AREA.GA1000002,CL_COMP_BREAKDOWN.HZT_THDR_LGT_STROKE,1
2017,CL_SERIES.VC_DSR_MORT,CL_REF_AREA.GA1000003,CL_COMP_BREAKDOWN.HZT_FIREX,3
2017,CL_SERIES.VC_DSR_MORT,CL_REF_AREA.GA1000004,CL_COMP_BREAKDOWN.HZT_OTHER,1
2017,CL_SERIES.VC_DSR_MORT,CL_REF_AREA.GA1000005,CL_COMP_BREAKDOWN.HZT_FIREX,2
2017,CL_SERIES.VC_DSR_MORT,CL_REF_AREA.GA1000007,CL_COMP_BREAKDOWN.HZT_OTHER,3
2017,CL_SERIES.VC_DSR_MORT,CL_REF_AREA.GA1000009,CL_COMP_BREAKDOWN.HZT_THDR_LGT_STROKE,10
2017,CL_SERIES.VC_DSR_MORT,CL_REF_AREA.GA1000010,CL_COMP_BREAKDOWN.HZT_LNDSL,1
2017,CL_SERIES.VC_DSR_MORT,CL_REF_AREA.GA1000010,CL_COMP_BREAKDOWN.HZT_THDR_LGT_STROKE,3
2017,CL_SERIES.VC_DSR_MORT,CL_REF_AREA.GA1000011,CL_COMP_BREAKDOWN.HZT_STORM,5
2017,CL_SERIES.VC_DSR_MORT,CL_REF_AREA.GA1000013,CL_COMP_BREAKDOWN.HZT_OTHER,23
2015,CL_SERIES.VC_DSR_HH,,CL_COMP_BREAKDOWN.HZT_FIREX,2698
2016,CL_SERIES.VC_DSR_HH,,CL_COMP_BREAKDOWN.HZT_FIREX,2174
2017,CL_SERIES.VC_DSR_HH,,CL_COMP_BREAKDOWN.HZT_FIREX,1878
2015,CL_SERIES.VC_DSR_HH,,CL_COMP_BREAKDOWN.HZT_FLOOD,188045
2016,CL_SERIES.VC_DSR_HH,,CL_COMP_BREAKDOWN.HZT_FLOOD,128108
2017,CL_SERIES.VC_DSR_HH,,CL_COMP_BREAKDOWN.HZT_FLOOD,64870
2015,CL_SERIES.VC_DSR_HH,,CL_COMP_BREAKDOWN.HZT_STORM,6119
2016,CL_SERIES.VC_DSR_HH,,CL_COMP_BREAKDOWN.HZT_STORM,66928
2017,CL_SERIES.VC_DSR_HH,,CL_COMP_BREAKDOWN.HZT_STORM,17038
2015,CL_SERIES.VC_DSR_HH,,CL_COMP_BREAKDOWN.HZT_EROSN_RVRBK,2425
2016,CL_SERIES.VC_DSR_HH,,CL_COMP_BREAKDOWN.HZT_EROSN_RVRBK,3104
2017,CL_SERIES.VC_DSR_HH,,CL_COMP_BREAKDOWN.HZT_EROSN_RVRBK,6836
2015,CL_SERIES.VC_DSR_HH,,CL_COMP_BREAKDOWN.HZT_LNDSL,992
2016,CL_SERIES.VC_DSR_HH,,CL_COMP_BREAKDOWN.HZT_LNDSL,201
2017,CL_SERIES.VC_DSR_HH,,CL_COMP_BREAKDOWN.HZT_LNDSL,130
2015,CL_SERIES.VC_DSR_HH,,CL_COMP_BREAKDOWN.HZT_CNFLCT,1849
2016,CL_SERIES.VC_DSR_HH,,CL_COMP_BREAKDOWN.HZT_CNFLCT,7505
2017,CL_SERIES.VC_DSR_HH,,CL_COMP_BREAKDOWN.HZT_CNFLCT,11914
2015,CL_SERIES.VC_DSR_HH,,,202128
2016,CL_SERIES.VC_DSR_HH,,,208801
2017,CL_SERIES.VC_DSR_HH,,,119352
2015,CL_SERIES.VC_DSR_HH,CL_REF_AREA.GA1000001,CL_COMP_BREAKDOWN.HZT_FIREX,15
2016,CL_SERIES.VC_DSR_HH,CL_REF_AREA.GA1000001,CL_COMP_BREAKDOWN.HZT_FIREX,96
2017,CL_SERIES.VC_DSR_HH,CL_REF_AREA.GA1000001,CL_COMP_BREAKDOWN.HZT_FIREX,110
2015,CL_SERIES.VC_DSR_HH,CL_REF_AREA.GA1000001,CL_COMP_BREAKDOWN.HZT_FLOOD,589
2016,CL_SERIES.VC_DSR_HH,CL_REF_AREA.GA1000001,CL_COMP_BREAKDOWN.HZT_FLOOD,694
2017,CL_SERIES.VC_DSR_HH,CL_REF_AREA.GA1000001,CL_COMP_BREAKDOWN.HZT_FLOOD,368
2015,CL_SERIES.VC_DSR_HH,CL_REF_AREA.GA1000001,CL_COMP_BREAKDOWN.HZT_STORM,84
2016,CL_SERIES.VC_DSR_HH,CL_REF_AREA.GA1000001,CL_COMP_BREAKDOWN.HZT_STORM,649
2017,CL_SERIES.VC_DSR_HH,CL_REF_AREA.GA1000001,CL_COMP_BREAKDOWN.HZT_STORM,660
2015,CL_SERIES.VC_DSR_HH,CL_REF_AREA.GA1000001,CL_COMP_BREAKDOWN.HZT_LNDSL,11
2015,CL_SERIES.VC_DSR_HH,CL_REF_AREA.GA1000001,CL_COMP_BREAKDOWN.HZT_CNFLCT,278
2016,CL_SERIES.VC_DSR_HH,CL_REF_AREA.GA1000001,CL_COMP_BREAKDOWN.HZT_CNFLCT,704
2017,CL_SERIES.VC_DSR_HH,CL_REF_AREA.GA1000001,CL_COMP_BREAKDOWN.HZT_CNFLCT,402
2015,CL_SERIES.VC_DSR_HH,CL_REF_AREA.GA1000001,,977
2016,CL_SERIES.VC_DSR_HH,CL_REF_AREA.GA1000001,,2356
2017,CL_SERIES.VC_DSR_HH,CL_REF_AREA.GA1000001,,1769
2015,CL_SERIES.VC_DSR_HH,CL_REF_AREA.GA1000002,CL_COMP_BREAKDOWN.HZT_FIREX,8
2016,CL_SERIES.VC_DSR_HH,CL_REF_AREA.GA1000002,CL_COMP_BREAKDOWN.HZT_FIREX,17
2017,CL_SERIES.VC_DSR_HH,CL_REF_AREA.GA1000002,CL_COMP_BREAKDOWN.HZT_FIREX,7
2015,CL_SERIES.VC_DSR_HH,CL_REF_AREA.GA1000002,CL_COMP_BREAKDOWN.HZT_STORM,85
2016,CL_SERIES.VC_DSR_HH,CL_REF_AREA.GA1000002,CL_COMP_BREAKDOWN.HZT_STORM,71
2017,CL_SERIES.VC_DSR_HH,CL_REF_AREA.GA1000002,CL_COMP_BREAKDOWN.HZT_STORM,57
2015,CL_SERIES.VC_DSR_HH,CL_REF_AREA.GA1000002,CL_COMP_BREAKDOWN.HZT_LNDSL,100
2015,CL_SERIES.VC_DSR_HH,CL_REF_AREA.GA1000002,,193
2016,CL_SERIES.VC_DSR_HH,CL_REF_AREA.GA1000002,,88
2017,CL_SERIES.VC_DSR_HH,CL_REF_AREA.GA1000002,,64
2015,CL_SERIES.VC_DSR_HH,CL_REF_AREA.GA1000003,CL_COMP_BREAKDOWN.HZT_FIREX,10
2016,CL_SERIES.VC_DSR_HH,CL_REF_AREA.GA1000003,CL_COMP_BREAKDOWN.HZT_FIREX,24
2017,CL_SERIES.VC_DSR_HH,CL_REF_AREA.GA1000003,CL_COMP_BREAKDOWN.HZT_FIREX,34
2015,CL_SERIES.VC_DSR_HH,CL_REF_AREA.GA1000003,CL_COMP_BREAKDOWN.HZT_FLOOD,2217
2016,CL_SERIES.VC_DSR_HH,CL_REF_AREA.GA1000003,CL_COMP_BREAKDOWN.HZT_FLOOD,348
2017,CL_SERIES.VC_DSR_HH,CL_REF_AREA.GA1000003,CL_COMP_BREAKDOWN.HZT_FLOOD,455
2015,CL_SERIES.VC_DSR_HH,CL_REF_AREA.GA1000003,CL_COMP_BREAKDOWN.HZT_STORM,11
2016,CL_SERIES.VC_DSR_HH,CL_REF_AREA.GA1000003,CL_COMP_BREAKDOWN.HZT_STORM,41
2017,CL_SERIES.VC_DSR_HH,CL_REF_AREA.GA1000003,CL_COMP_BREAKDOWN.HZT_STORM,7
2015,CL_SERIES.VC_DSR_HH,CL_REF_AREA.GA1000003,,2238
2016,CL_SERIES.VC_DSR_HH,CL_REF_AREA.GA1000003,,1472
2017,CL_SERIES.VC_DSR_HH,CL_REF_AREA.GA1000003,,1513
2015,CL_SERIES.VC_DSR_HH,CL_REF_AREA.GA1000004,CL_COMP_BREAKDOWN.HZT_FIREX,15
2016,CL_SERIES.VC_DSR_HH,CL_REF_AREA.GA1000004,CL_COMP_BREAKDOWN.HZT_FIREX,20
2017,CL_SERIES.VC_DSR_HH,CL_REF_AREA.GA1000004,CL_COMP_BREAKDOWN.HZT_FIREX,11
2015,CL_SERIES.VC_DSR_HH,CL_REF_AREA.GA1000004,CL_COMP_BREAKDOWN.HZT_LNDSL,873
2016,CL_SERIES.VC_DSR_HH,CL_REF_AREA.GA1000004,CL_COMP_BREAKDOWN.HZT_LNDSL,168
2017,CL_SERIES.VC_DSR_HH,CL_REF_AREA.GA1000004,CL_COMP_BREAKDOWN.HZT_LNDSL,56
2015,CL_SERIES.VC_DSR_HH,CL_REF_AREA.GA1000004,,888
2016,CL_SERIES.VC_DSR_HH,CL_REF_AREA.GA1000004,,964
2017,CL_SERIES.VC_DSR_HH,CL_REF_AREA.GA1000004,,1620
2015,CL_SERIES.VC_DSR_HH,CL_REF_AREA.GA1000005,CL_COMP_BREAKDOWN.HZT_FIREX,147
2016,CL_SERIES.VC_DSR_HH,CL_REF_AREA.GA1000005,CL_COMP_BREAKDOWN.HZT_FIREX,30
2017,CL_SERIES.VC_DSR_HH,CL_REF_AREA.GA1000005,CL_COMP_BREAKDOWN.HZT_FIREX,137
2015,CL_SERIES.VC_DSR_HH,CL_REF_AREA.GA1000005,CL_COMP_BREAKDOWN.HZT_FLOOD,27833
2016,CL_SERIES.VC_DSR_HH,CL_REF_AREA.GA1000005,CL_COMP_BREAKDOWN.HZT_FLOOD,12646
2017,CL_SERIES.VC_DSR_HH,CL_REF_AREA.GA1000005,CL_COMP_BREAKDOWN.HZT_FLOOD,10683
2015,CL_SERIES.VC_DSR_HH,CL_REF_AREA.GA1000005,CL_COMP_BREAKDOWN.HZT_STORM,576
2016,CL_SERIES.VC_DSR_HH,CL_REF_AREA.GA1000005,CL_COMP_BREAKDOWN.HZT_STORM,19233
2017,CL_SERIES.VC_DSR_HH,CL_REF_AREA.GA1000005,CL_COMP_BREAKDOWN.HZT_STORM,3218
2015,CL_SERIES.VC_DSR_HH,CL_REF_AREA.GA1000005,CL_COMP_BREAKDOWN.HZT_EROSN_RVRBK,18
2016,CL_SERIES.VC_DSR_HH,CL_REF_AREA.GA1000005,CL_COMP_BREAKDOWN.HZT_EROSN_RVRBK,33
2017,CL_SERIES.VC_DSR_HH,CL_REF_AREA.GA1000005,CL_COMP_BREAKDOWN.HZT_EROSN_RVRBK,155
2015,CL_SERIES.VC_DSR_HH,CL_REF_AREA.GA1000005,,28574
2016,CL_SERIES.VC_DSR_HH,CL_REF_AREA.GA1000005,,31950
2017,CL_SERIES.VC_DSR_HH,CL_REF_AREA.GA1000005,,15045
2015,CL_SERIES.VC_DSR_HH,CL_REF_AREA.GA1000006,CL_COMP_BREAKDOWN.HZT_FIREX,633
2016,CL_SERIES.VC_DSR_HH,CL_REF_AREA.GA1000006,CL_COMP_BREAKDOWN.HZT_FIREX,46
2017,CL_SERIES.VC_DSR_HH,CL_REF_AREA.GA1000006,CL_COMP_BREAKDOWN.HZT_FIREX,20
2015,CL_SERIES.VC_DSR_HH,CL_REF_AREA.GA1000006,CL_COMP_BREAKDOWN.HZT_FLOOD,189
2016,CL_SERIES.VC_DSR_HH,CL_REF_AREA.GA1000006,CL_COMP_BREAKDOWN.HZT_FLOOD,184
2017,CL_SERIES.VC_DSR_HH,CL_REF_AREA.GA1000006,CL_COMP_BREAKDOWN.HZT_FLOOD,179
2015,CL_SERIES.VC_DSR_HH,CL_REF_AREA.GA1000006,CL_COMP_BREAKDOWN.HZT_STORM,43
2016,CL_SERIES.VC_DSR_HH,CL_REF_AREA.GA1000006,CL_COMP_BREAKDOWN.HZT_STORM,6
2017,CL_SERIES.VC_DSR_HH,CL_REF_AREA.GA1000006,CL_COMP_BREAKDOWN.HZT_STORM,27
2015,CL_SERIES.VC_DSR_HH,CL_REF_AREA.GA1000006,CL_COMP_BREAKDOWN.HZT_LNDSL,6
2016,CL_SERIES.VC_DSR_HH,CL_REF_AREA.GA1000006,CL_COMP_BREAKDOWN.HZT_LNDSL,7
2015,CL_SERIES.VC_DSR_HH,CL_REF_AREA.GA1000006,,871
2016,CL_SERIES.VC_DSR_HH,CL_REF_AREA.GA1000006,,244
2017,CL_SERIES.VC_DSR_HH,CL_REF_AREA.GA1000006,,226
2015,CL_SERIES.VC_DSR_HH,CL_REF_AREA.GA1000007,CL_COMP_BREAKDOWN.HZT_FIREX,129
2016,CL_SERIES.VC_DSR_HH,CL_REF_AREA.GA1000007,CL_COMP_BREAKDOWN.HZT_FIREX,156
2017,CL_SERIES.VC_DSR_HH,CL_REF_AREA.GA1000007,CL_COMP_BREAKDOWN.HZT_FIREX,109
2015,CL_SERIES.VC_DSR_HH,CL_REF_AREA.GA1000007,CL_COMP_BREAKDOWN.HZT_FLOOD,3587
2016,CL_SERIES.VC_DSR_HH,CL_REF_AREA.GA1000007,CL_COMP_BREAKDOWN.HZT_FLOOD,15578
2017,CL_SERIES.VC_DSR_HH,CL_REF_AREA.GA1000007,CL_COMP_BREAKDOWN.HZT_FLOOD,8900
2015,CL_SERIES.VC_DSR_HH,CL_REF_AREA.GA1000007,CL_COMP_BREAKDOWN.HZT_STORM,1335
2016,CL_SERIES.VC_DSR_HH,CL_REF_AREA.GA1000007,CL_COMP_BREAKDOWN.HZT_STORM,4605
2017,CL_SERIES.VC_DSR_HH,CL_REF_AREA.GA1000007,CL_COMP_BREAKDOWN.HZT_STORM,2402
2015,CL_SERIES.VC_DSR_HH,CL_REF_AREA.GA1000007,CL_COMP_BREAKDOWN.HZT_EROSN_RVRBK,702
2016,CL_SERIES.VC_DSR_HH,CL_REF_AREA.GA1000007,CL_COMP_BREAKDOWN.HZT_EROSN_RVRBK,450
2017,CL_SERIES.VC_DSR_HH,CL_REF_AREA.GA1000007,CL_COMP_BREAKDOWN.HZT_EROSN_RVRBK,2214
2015,CL_SERIES.VC_DSR_HH,CL_REF_AREA.GA1000007,,5753
2016,CL_SERIES.VC_DSR_HH,CL_REF_AREA.GA1000007,,20789
2017,CL_SERIES.VC_DSR_HH,CL_REF_AREA.GA1000007,,13629
2015,CL_SERIES.VC_DSR_HH,CL_REF_AREA.GA1000008,CL_COMP_BREAKDOWN.HZT_FIREX,536
2016,CL_SERIES.VC_DSR_HH,CL_REF_AREA.GA1000008,CL_COMP_BREAKDOWN.HZT_FIREX,188
2017,CL_SERIES.VC_DSR_HH,CL_REF_AREA.GA1000008,CL_COMP_BREAKDOWN.HZT_FIREX,291
2015,CL_SERIES.VC_DSR_HH,CL_REF_AREA.GA1000008,CL_COMP_BREAKDOWN.HZT_FLOOD,28476
2016,CL_SERIES.VC_DSR_HH,CL_REF_AREA.GA1000008,CL_COMP_BREAKDOWN.HZT_FLOOD,15379
2017,CL_SERIES.VC_DSR_HH,CL_REF_AREA.GA1000008,CL_COMP_BREAKDOWN.HZT_FLOOD,17295
2015,CL_SERIES.VC_DSR_HH,CL_REF_AREA.GA1000008,CL_COMP_BREAKDOWN.HZT_STORM,836
2016,CL_SERIES.VC_DSR_HH,CL_REF_AREA.GA1000008,CL_COMP_BREAKDOWN.HZT_STORM,10896
2017,CL_SERIES.VC_DSR_HH,CL_REF_AREA.GA1000008,CL_COMP_BREAKDOWN.HZT_STORM,3660
2015,CL_SERIES.VC_DSR_HH,CL_REF_AREA.GA1000008,CL_COMP_BREAKDOWN.HZT_EROSN_RVRBK,900
2016,CL_SERIES.VC_DSR_HH,CL_REF_AREA.GA1000008,CL_COMP_BREAKDOWN.HZT_EROSN_RVRBK,895
2017,CL_SERIES.VC_DSR_HH,CL_REF_AREA.GA1000008,CL_COMP_BREAKDOWN.HZT_EROSN_RVRBK,1197
2015,CL_SERIES.VC_DSR_HH,CL_REF_AREA.GA1000008,,30748
2016,CL_SERIES.VC_DSR_HH,CL_REF_AREA.GA1000008,,27365
2017,CL_SERIES.VC_DSR_HH,CL_REF_AREA.GA1000008,,22452
2015,CL_SERIES.VC_DSR_HH,CL_REF_AREA.GA1000009,CL_COMP_BREAKDOWN.HZT_FIREX,323
2016,CL_SERIES.VC_DSR_HH,CL_REF_AREA.GA1000009,CL_COMP_BREAKDOWN.HZT_FIREX,192
2017,CL_SERIES.VC_DSR_HH,CL_REF_AREA.GA1000009,CL_COMP_BREAKDOWN.HZT_FIREX,171
2015,CL_SERIES.VC_DSR_HH,CL_REF_AREA.GA1000009,CL_COMP_BREAKDOWN.HZT_FLOOD,2500
2016,CL_SERIES.VC_DSR_HH,CL_REF_AREA.GA1000009,CL_COMP_BREAKDOWN.HZT_FLOOD,37158
2017,CL_SERIES.VC_DSR_HH,CL_REF_AREA.GA1000009,CL_COMP_BREAKDOWN.HZT_FLOOD,6382
2015,CL_SERIES.VC_DSR_HH,CL_REF_AREA.GA1000009,CL_COMP_BREAKDOWN.HZT_STORM,944
2016,CL_SERIES.VC_DSR_HH,CL_REF_AREA.GA1000009,CL_COMP_BREAKDOWN.HZT_STORM,14475
2017,CL_SERIES.VC_DSR_HH,CL_REF_AREA.GA1000009,CL_COMP_BREAKDOWN.HZT_STORM,1133
2015,CL_SERIES.VC_DSR_HH,CL_REF_AREA.GA1000009,CL_COMP_BREAKDOWN.HZT_EROSN_RVRBK,255
2016,CL_SERIES.VC_DSR_HH,CL_REF_AREA.GA1000009,CL_COMP_BREAKDOWN.HZT_EROSN_RVRBK,104
2017,CL_SERIES.VC_DSR_HH,CL_REF_AREA.GA1000009,CL_COMP_BREAKDOWN.HZT_EROSN_RVRBK,26
2015,CL_SERIES.VC_DSR_HH,CL_REF_AREA.GA1000009,CL_COMP_BREAKDOWN.HZT_LNDSL,2
2016,CL_SERIES.VC_DSR_HH,CL_REF_AREA.GA1000009,CL_COMP_BREAKDOWN.HZT_LNDSL,3
2017,CL_SERIES.VC_DSR_HH,CL_REF_AREA.GA1000009,CL_COMP_BREAKDOWN.HZT_LNDSL,4
2015,CL_SERIES.VC_DSR_HH,CL_REF_AREA.GA1000009,CL_COMP_BREAKDOWN.HZT_CNFLCT,22
2016,CL_SERIES.VC_DSR_HH,CL_REF_AREA.GA1000009,CL_COMP_BREAKDOWN.HZT_CNFLCT,34
2015,CL_SERIES.VC_DSR_HH,CL_REF_AREA.GA1000009,,4046
2016,CL_SERIES.VC_DSR_HH,CL_REF_AREA.GA1000009,,51966
2017,CL_SERIES.VC_DSR_HH,CL_REF_AREA.GA1000009,,7716
2015,CL_SERIES.VC_DSR_HH,CL_REF_AREA.GA1000010,CL_COMP_BREAKDOWN.HZT_FIREX,17
2016,CL_SERIES.VC_DSR_HH,CL_REF_AREA.GA1000010,CL_COMP_BREAKDOWN.HZT_FIREX,50
2017,CL_SERIES.VC_DSR_HH,CL_REF_AREA.GA1000010,CL_COMP_BREAKDOWN.HZT_FIREX,52
2015,CL_SERIES.VC_DSR_HH,CL_REF_AREA.GA1000010,CL_COMP_BREAKDOWN.HZT_FLOOD,1425
2016,CL_SERIES.VC_DSR_HH,CL_REF_AREA.GA1000010,CL_COMP_BREAKDOWN.HZT_FLOOD,40
2017,CL_SERIES.VC_DSR_HH,CL_REF_AREA.GA1000010,CL_COMP_BREAKDOWN.HZT_FLOOD,1334
2015,CL_SERIES.VC_DSR_HH,CL_REF_AREA.GA1000010,CL_COMP_BREAKDOWN.HZT_STORM,30
2016,CL_SERIES.VC_DSR_HH,CL_REF_AREA.GA1000010,CL_COMP_BREAKDOWN.HZT_STORM,66
2017,CL_SERIES.VC_DSR_HH,CL_REF_AREA.GA1000010,CL_COMP_BREAKDOWN.HZT_STORM,98
2015,CL_SERIES.VC_DSR_HH,CL_REF_AREA.GA1000010,,1472
2016,CL_SERIES.VC_DSR_HH,CL_REF_AREA.GA1000010,,186
2017,CL_SERIES.VC_DSR_HH,CL_REF_AREA.GA1000010,,1553
2015,CL_SERIES.VC_DSR_HH,CL_REF_AREA.GA1000011,CL_COMP_BREAKDOWN.HZT_FIREX,114
2016,CL_SERIES.VC_DSR_HH,CL_REF_AREA.GA1000011,CL_COMP_BREAKDOWN.HZT_FIREX,559
2017,CL_SERIES.VC_DSR_HH,CL_REF_AREA.GA1000011,CL_COMP_BREAKDOWN.HZT_FIREX,205
2015,CL_SERIES.VC_DSR_HH,CL_REF_AREA.GA1000011,CL_COMP_BREAKDOWN.HZT_FLOOD,9040
2016,CL_SERIES.VC_DSR_HH,CL_REF_AREA.GA1000011,CL_COMP_BREAKDOWN.HZT_FLOOD,6374
2017,CL_SERIES.VC_DSR_HH,CL_REF_AREA.GA1000011,CL_COMP_BREAKDOWN.HZT_FLOOD,401
2015,CL_SERIES.VC_DSR_HH,CL_REF_AREA.GA1000011,CL_COMP_BREAKDOWN.HZT_STORM,285
2016,CL_SERIES.VC_DSR_HH,CL_REF_AREA.GA1000011,CL_COMP_BREAKDOWN.HZT_STORM,471
2017,CL_SERIES.VC_DSR_HH,CL_REF_AREA.GA1000011,CL_COMP_BREAKDOWN.HZT_STORM,1381
2015,CL_SERIES.VC_DSR_HH,CL_REF_AREA.GA1000011,CL_COMP_BREAKDOWN.HZT_CNFLCT,29
2016,CL_SERIES.VC_DSR_HH,CL_REF_AREA.GA1000011,CL_COMP_BREAKDOWN.HZT_CNFLCT,412
2017,CL_SERIES.VC_DSR_HH,CL_REF_AREA.GA1000011,CL_COMP_BREAKDOWN.HZT_CNFLCT,28
2015,CL_SERIES.VC_DSR_HH,CL_REF_AREA.GA1000011,,9468
2016,CL_SERIES.VC_DSR_HH,CL_REF_AREA.GA1000011,,8570
2017,CL_SERIES.VC_DSR_HH,CL_REF_AREA.GA1000011,,17575
2015,CL_SERIES.VC_DSR_HH,CL_REF_AREA.GA1000013,CL_COMP_BREAKDOWN.HZT_FIREX,283
2016,CL_SERIES.VC_DSR_HH,CL_REF_AREA.GA1000013,CL_COMP_BREAKDOWN.HZT_FIREX,200
2017,CL_SERIES.VC_DSR_HH,CL_REF_AREA.GA1000013,CL_COMP_BREAKDOWN.HZT_FIREX,164
2015,CL_SERIES.VC_DSR_HH,CL_REF_AREA.GA1000013,CL_COMP_BREAKDOWN.HZT_FLOOD,619
2016,CL_SERIES.VC_DSR_HH,CL_REF_AREA.GA1000013,CL_COMP_BREAKDOWN.HZT_FLOOD,1007
2015,CL_SERIES.VC_DSR_HH,CL_REF_AREA.GA1000013,CL_COMP_BREAKDOWN.HZT_STORM,353
2016,CL_SERIES.VC_DSR_HH,CL_REF_AREA.GA1000013,CL_COMP_BREAKDOWN.HZT_STORM,9899
2017,CL_SERIES.VC_DSR_HH,CL_REF_AREA.GA1000013,CL_COMP_BREAKDOWN.HZT_STORM,700
2015,CL_SERIES.VC_DSR_HH,CL_REF_AREA.GA1000013,CL_COMP_BREAKDOWN.HZT_CNFLCT,1520
2016,CL_SERIES.VC_DSR_HH,CL_REF_AREA.GA1000013,CL_COMP_BREAKDOWN.HZT_CNFLCT,5298
2017,CL_SERIES.VC_DSR_HH,CL_REF_AREA.GA1000013,CL_COMP_BREAKDOWN.HZT_CNFLCT,10115
2015,CL_SERIES.VC_DSR_HH,CL_REF_AREA.GA1000013,,2775
2016,CL_SERIES.VC_DSR_HH,CL_REF_AREA.GA1000013,,16407
2017,CL_SERIES.VC_DSR_HH,CL_REF_AREA.GA1000013,,11041
2015,CL_SERIES.VC_DSR_HH,CL_REF_AREA.GA1000012,CL_COMP_BREAKDOWN.HZT_FIREX,121
2016,CL_SERIES.VC_DSR_HH,CL_REF_AREA.GA1000012,CL_COMP_BREAKDOWN.HZT_FIREX,279
2017,CL_SERIES.VC_DSR_HH,CL_REF_AREA.GA1000012,CL_COMP_BREAKDOWN.HZT_FIREX,370
2015,CL_SERIES.VC_DSR_HH,CL_REF_AREA.GA1000012,CL_COMP_BREAKDOWN.HZT_FLOOD,3761
2016,CL_SERIES.VC_DSR_HH,CL_REF_AREA.GA1000012,CL_COMP_BREAKDOWN.HZT_FLOOD,1957
2017,CL_SERIES.VC_DSR_HH,CL_REF_AREA.GA1000012,CL_COMP_BREAKDOWN.HZT_FLOOD,103
2015,CL_SERIES.VC_DSR_HH,CL_REF_AREA.GA1000012,CL_COMP_BREAKDOWN.HZT_STORM,117
2016,CL_SERIES.VC_DSR_HH,CL_REF_AREA.GA1000012,CL_COMP_BREAKDOWN.HZT_STORM,123
2017,CL_SERIES.VC_DSR_HH,CL_REF_AREA.GA1000012,CL_COMP_BREAKDOWN.HZT_STORM,447
2015,CL_SERIES.VC_DSR_HH,CL_REF_AREA.GA1000012,,3999
2016,CL_SERIES.VC_DSR_HH,CL_REF_AREA.GA1000012,,2466
2017,CL_SERIES.VC_DSR_HH,CL_REF_AREA.GA1000012,,1163
2015,CL_SERIES.VC_DSR_HH,CL_REF_AREA.GA1000014,CL_COMP_BREAKDOWN.HZT_FIREX,338
2016,CL_SERIES.VC_DSR_HH,CL_REF_AREA.GA1000014,CL_COMP_BREAKDOWN.HZT_FIREX,253
2017,CL_SERIES.VC_DSR_HH,CL_REF_AREA.GA1000014,CL_COMP_BREAKDOWN.HZT_FIREX,159
2015,CL_SERIES.VC_DSR_HH,CL_REF_AREA.GA1000014,CL_COMP_BREAKDOWN.HZT_FLOOD,107809
2016,CL_SERIES.VC_DSR_HH,CL_REF_AREA.GA1000014,CL_COMP_BREAKDOWN.HZT_FLOOD,36230
2017,CL_SERIES.VC_DSR_HH,CL_REF_AREA.GA1000014,CL_COMP_BREAKDOWN.HZT_FLOOD,18690
2015,CL_SERIES.VC_DSR_HH,CL_REF_AREA.GA1000014,CL_COMP_BREAKDOWN.HZT_STORM,660
2016,CL_SERIES.VC_DSR_HH,CL_REF_AREA.GA1000014,CL_COMP_BREAKDOWN.HZT_STORM,4162
2017,CL_SERIES.VC_DSR_HH,CL_REF_AREA.GA1000014,CL_COMP_BREAKDOWN.HZT_STORM,2039
2015,CL_SERIES.VC_DSR_HH,CL_REF_AREA.GA1000014,CL_COMP_BREAKDOWN.HZT_EROSN_RVRBK,550
2016,CL_SERIES.VC_DSR_HH,CL_REF_AREA.GA1000014,CL_COMP_BREAKDOWN.HZT_EROSN_RVRBK,1245
2017,CL_SERIES.VC_DSR_HH,CL_REF_AREA.GA1000014,CL_COMP_BREAKDOWN.HZT_EROSN_RVRBK,2660
2015,CL_SERIES.VC_DSR_HH,CL_REF_AREA.GA1000014,,109357
2016,CL_SERIES.VC_DSR_HH,CL_REF_AREA.GA1000014,,41890
2017,CL_SERIES.VC_DSR_HH,CL_REF_AREA.GA1000014,,23550
2015,CL_SERIES.VC_DSR_HH,CL_REF_AREA.GA1000015,CL_COMP_BREAKDOWN.HZT_FIREX,9
2016,CL_SERIES.VC_DSR_HH,CL_REF_AREA.GA1000015,CL_COMP_BREAKDOWN.HZT_FIREX,64
2017,CL_SERIES.VC_DSR_HH,CL_REF_AREA.GA1000015,CL_COMP_BREAKDOWN.HZT_FIREX,38
2015,CL_SERIES.VC_DSR_HH,CL_REF_AREA.GA1000015,CL_COMP_BREAKDOWN.HZT_STORM,760
2016,CL_SERIES.VC_DSR_HH,CL_REF_AREA.GA1000015,CL_COMP_BREAKDOWN.HZT_STORM,1470
2017,CL_SERIES.VC_DSR_HH,CL_REF_AREA.GA1000015,CL_COMP_BREAKDOWN.HZT_STORM,168
2015,CL_SERIES.VC_DSR_HH,CL_REF_AREA.GA1000015,,769
2016,CL_SERIES.VC_DSR_HH,CL_REF_AREA.GA1000015,,2088
2017,CL_SERIES.VC_DSR_HH,CL_REF_AREA.GA1000015,,436
2016,CL_SERIES.VC_DSR_HH,,CL_COMP_BREAKDOWN.HZT_ERQAK,12
2016,CL_SERIES.VC_DSR_HH,,CL_COMP_BREAKDOWN.HZT_OTHER,769
2017,CL_SERIES.VC_DSR_HH,,CL_COMP_BREAKDOWN.HZT_OTHER,16683
2016,CL_SERIES.VC_DSR_HH,CL_REF_AREA.GA1000001,CL_COMP_BREAKDOWN.HZT_EROSN_RVRBK,213
2017,CL_SERIES.VC_DSR_HH,CL_REF_AREA.GA1000001,CL_COMP_BREAKDOWN.HZT_EROSN_RVRBK,229
2016,CL_SERIES.VC_DSR_HH,CL_REF_AREA.GA1000003,CL_COMP_BREAKDOWN.HZT_LNDSL,3
2017,CL_SERIES.VC_DSR_HH,CL_REF_AREA.GA1000003,CL_COMP_BREAKDOWN.HZT_LNDSL,8
2016,CL_SERIES.VC_DSR_HH,CL_REF_AREA.GA1000003,CL_COMP_BREAKDOWN.HZT_CNFLCT,1037
2017,CL_SERIES.VC_DSR_HH,CL_REF_AREA.GA1000003,CL_COMP_BREAKDOWN.HZT_CNFLCT,1007
2016,CL_SERIES.VC_DSR_HH,CL_REF_AREA.GA1000003,CL_COMP_BREAKDOWN.HZT_OTHER,19
2016,CL_SERIES.VC_DSR_HH,CL_REF_AREA.GA1000004,CL_COMP_BREAKDOWN.HZT_FLOOD,15
2016,CL_SERIES.VC_DSR_HH,CL_REF_AREA.GA1000004,CL_COMP_BREAKDOWN.HZT_STORM,761
2017,CL_SERIES.VC_DSR_HH,CL_REF_AREA.GA1000004,CL_COMP_BREAKDOWN.HZT_STORM,1041
2016,CL_SERIES.VC_DSR_HH,CL_REF_AREA.GA1000005,CL_COMP_BREAKDOWN.HZT_LNDSL,8
2016,CL_SERIES.VC_DSR_HH,CL_REF_AREA.GA1000006,CL_COMP_BREAKDOWN.HZT_OTHER,1
2016,CL_SERIES.VC_DSR_HH,CL_REF_AREA.GA1000008,CL_COMP_BREAKDOWN.HZT_ERQAK,5
2016,CL_SERIES.VC_DSR_HH,CL_REF_AREA.GA1000008,CL_COMP_BREAKDOWN.HZT_LNDSL,2
2017,CL_SERIES.VC_DSR_HH,CL_REF_AREA.GA1000008,CL_COMP_BREAKDOWN.HZT_LNDSL,5
2016,CL_SERIES.VC_DSR_HH,CL_REF_AREA.GA1000010,CL_COMP_BREAKDOWN.HZT_EROSN_RVRBK,9
2017,CL_SERIES.VC_DSR_HH,CL_REF_AREA.GA1000010,CL_COMP_BREAKDOWN.HZT_EROSN_RVRBK,13
2016,CL_SERIES.VC_DSR_HH,CL_REF_AREA.GA1000010,CL_COMP_BREAKDOWN.HZT_LNDSL,1
2017,CL_SERIES.VC_DSR_HH,CL_REF_AREA.GA1000010,CL_COMP_BREAKDOWN.HZT_LNDSL,36
2016,CL_SERIES.VC_DSR_HH,CL_REF_AREA.GA1000010,CL_COMP_BREAKDOWN.HZT_CNFLCT,20
2016,CL_SERIES.VC_DSR_HH,CL_REF_AREA.GA1000011,CL_COMP_BREAKDOWN.HZT_ERQAK,1
2016,CL_SERIES.VC_DSR_HH,CL_REF_AREA.GA1000011,CL_COMP_BREAKDOWN.HZT_EROSN_RVRBK,2
2017,CL_SERIES.VC_DSR_HH,CL_REF_AREA.GA1000011,CL_COMP_BREAKDOWN.HZT_EROSN_RVRBK,26
2016,CL_SERIES.VC_DSR_HH,CL_REF_AREA.GA1000011,CL_COMP_BREAKDOWN.HZT_LNDSL,6
2016,CL_SERIES.VC_DSR_HH,CL_REF_AREA.GA1000011,CL_COMP_BREAKDOWN.HZT_OTHER,745
2017,CL_SERIES.VC_DSR_HH,CL_REF_AREA.GA1000011,CL_COMP_BREAKDOWN.HZT_OTHER,15534
2016,CL_SERIES.VC_DSR_HH,CL_REF_AREA.GA1000013,CL_COMP_BREAKDOWN.HZT_LNDSL,3
2017,CL_SERIES.VC_DSR_HH,CL_REF_AREA.GA1000013,CL_COMP_BREAKDOWN.HZT_LNDSL,20
2016,CL_SERIES.VC_DSR_HH,CL_REF_AREA.GA1000012,CL_COMP_BREAKDOWN.HZT_ERQAK,6
2016,CL_SERIES.VC_DSR_HH,CL_REF_AREA.GA1000012,CL_COMP_BREAKDOWN.HZT_EROSN_RVRBK,97
2017,CL_SERIES.VC_DSR_HH,CL_REF_AREA.GA1000012,CL_COMP_BREAKDOWN.HZT_EROSN_RVRBK,242
2016,CL_SERIES.VC_DSR_HH,CL_REF_AREA.GA1000012,CL_COMP_BREAKDOWN.HZT_OTHER,4
2016,CL_SERIES.VC_DSR_HH,CL_REF_AREA.GA1000015,CL_COMP_BREAKDOWN.HZT_FLOOD,498
2017,CL_SERIES.VC_DSR_HH,CL_REF_AREA.GA1000015,CL_COMP_BREAKDOWN.HZT_FLOOD,80
2016,CL_SERIES.VC_DSR_HH,CL_REF_AREA.GA1000015,CL_COMP_BREAKDOWN.HZT_EROSN_RVRBK,56
2017,CL_SERIES.VC_DSR_HH,CL_REF_AREA.GA1000015,CL_COMP_BREAKDOWN.HZT_EROSN_RVRBK,34
2017,CL_SERIES.VC_DSR_HH,,CL_COMP_BREAKDOWN.HZT_THDR_LGT_STROKE,3
2017,CL_SERIES.VC_DSR_HH,CL_REF_AREA.GA1000003,CL_COMP_BREAKDOWN.HZT_EROSN_RVRBK,2
2017,CL_SERIES.VC_DSR_HH,CL_REF_AREA.GA1000004,CL_COMP_BREAKDOWN.HZT_EROSN_RVRBK,38
2017,CL_SERIES.VC_DSR_HH,CL_REF_AREA.GA1000004,CL_COMP_BREAKDOWN.HZT_CNFLCT,362
2017,CL_SERIES.VC_DSR_HH,CL_REF_AREA.GA1000004,CL_COMP_BREAKDOWN.HZT_OTHER,112
2017,CL_SERIES.VC_DSR_HH,CL_REF_AREA.GA1000005,CL_COMP_BREAKDOWN.HZT_THDR_LGT_STROKE,1
2017,CL_SERIES.VC_DSR_HH,CL_REF_AREA.GA1000005,CL_COMP_BREAKDOWN.HZT_OTHER,851
2017,CL_SERIES.VC_DSR_HH,CL_REF_AREA.GA1000007,CL_COMP_BREAKDOWN.HZT_OTHER,4
2017,CL_SERIES.VC_DSR_HH,CL_REF_AREA.GA1000008,CL_COMP_BREAKDOWN.HZT_OTHER,4
2017,CL_SERIES.VC_DSR_HH,CL_REF_AREA.GA1000010,CL_COMP_BREAKDOWN.HZT_OTHER,20
2017,CL_SERIES.VC_DSR_HH,CL_REF_AREA.GA1000013,CL_COMP_BREAKDOWN.HZT_OTHER,42
2017,CL_SERIES.VC_DSR_HH,CL_REF_AREA.GA1000012,CL_COMP_BREAKDOWN.HZT_LNDSL,1
2017,CL_SERIES.VC_DSR_HH,CL_REF_AREA.GA1000014,CL_COMP_BREAKDOWN.HZT_THDR_LGT_STROKE,2
2017,CL_SERIES.VC_DSR_HH,CL_REF_AREA.GA1000015,CL_COMP_BREAKDOWN.HZT_OTHER,116
2015,CL_SERIES.VC_DSR_AFFCT,,CL_COMP_BREAKDOWN.HZT_FIREX,12143
2016,CL_SERIES.VC_DSR_AFFCT,,CL_COMP_BREAKDOWN.HZT_FIREX,9566
2017,CL_SERIES.VC_DSR_AFFCT,,CL_COMP_BREAKDOWN.HZT_FIREX,8446
2015,CL_SERIES.VC_DSR_AFFCT,,CL_COMP_BREAKDOWN.HZT_FLOOD,826278
2016,CL_SERIES.VC_DSR_AFFCT,,CL_COMP_BREAKDOWN.HZT_FLOOD,614447
2017,CL_SERIES.VC_DSR_AFFCT,,CL_COMP_BREAKDOWN.HZT_FLOOD,268783
2015,CL_SERIES.VC_DSR_AFFCT,,CL_COMP_BREAKDOWN.HZT_STORM,22483
2016,CL_SERIES.VC_DSR_AFFCT,,CL_COMP_BREAKDOWN.HZT_STORM,211249
2017,CL_SERIES.VC_DSR_AFFCT,,CL_COMP_BREAKDOWN.HZT_STORM,53404
2015,CL_SERIES.VC_DSR_AFFCT,,CL_COMP_BREAKDOWN.HZT_EROSN_RVRBK,10757
2016,CL_SERIES.VC_DSR_AFFCT,,CL_COMP_BREAKDOWN.HZT_EROSN_RVRBK,13383
2017,CL_SERIES.VC_DSR_AFFCT,,CL_COMP_BREAKDOWN.HZT_EROSN_RVRBK,29535
2015,CL_SERIES.VC_DSR_AFFCT,,CL_COMP_BREAKDOWN.HZT_LNDSL,4763
2016,CL_SERIES.VC_DSR_AFFCT,,CL_COMP_BREAKDOWN.HZT_LNDSL,1048
2017,CL_SERIES.VC_DSR_AFFCT,,CL_COMP_BREAKDOWN.HZT_LNDSL,651
2015,CL_SERIES.VC_DSR_AFFCT,,CL_COMP_BREAKDOWN.HZT_CNFLCT,7679
2016,CL_SERIES.VC_DSR_AFFCT,,CL_COMP_BREAKDOWN.HZT_CNFLCT,36607
2017,CL_SERIES.VC_DSR_AFFCT,,CL_COMP_BREAKDOWN.HZT_CNFLCT,63794
2015,CL_SERIES.VC_DSR_AFFCT,,CL_COMP_BREAKDOWN.HZT_OTHER,54
2016,CL_SERIES.VC_DSR_AFFCT,,CL_COMP_BREAKDOWN.HZT_OTHER,10697
2017,CL_SERIES.VC_DSR_AFFCT,,CL_COMP_BREAKDOWN.HZT_OTHER,90530
2015,CL_SERIES.VC_DSR_AFFCT,,,884157
2016,CL_SERIES.VC_DSR_AFFCT,,,897069
2017,CL_SERIES.VC_DSR_AFFCT,,,515153
2015,CL_SERIES.VC_DSR_AFFCT,CL_REF_AREA.GA1000001,CL_COMP_BREAKDOWN.HZT_FIREX,99
2016,CL_SERIES.VC_DSR_AFFCT,CL_REF_AREA.GA1000001,CL_COMP_BREAKDOWN.HZT_FIREX,410
2017,CL_SERIES.VC_DSR_AFFCT,CL_REF_AREA.GA1000001,CL_COMP_BREAKDOWN.HZT_FIREX,438
2015,CL_SERIES.VC_DSR_AFFCT,CL_REF_AREA.GA1000001,CL_COMP_BREAKDOWN.HZT_FLOOD,3064
2016,CL_SERIES.VC_DSR_AFFCT,CL_REF_AREA.GA1000001,CL_COMP_BREAKDOWN.HZT_FLOOD,3469
2017,CL_SERIES.VC_DSR_AFFCT,CL_REF_AREA.GA1000001,CL_COMP_BREAKDOWN.HZT_FLOOD,1652
2015,CL_SERIES.VC_DSR_AFFCT,CL_REF_AREA.GA1000001,CL_COMP_BREAKDOWN.HZT_STORM,447
2016,CL_SERIES.VC_DSR_AFFCT,CL_REF_AREA.GA1000001,CL_COMP_BREAKDOWN.HZT_STORM,2985
2017,CL_SERIES.VC_DSR_AFFCT,CL_REF_AREA.GA1000001,CL_COMP_BREAKDOWN.HZT_STORM,3094
2015,CL_SERIES.VC_DSR_AFFCT,CL_REF_AREA.GA1000001,CL_COMP_BREAKDOWN.HZT_LNDSL,97
2015,CL_SERIES.VC_DSR_AFFCT,CL_REF_AREA.GA1000001,CL_COMP_BREAKDOWN.HZT_CNFLCT,1245
2016,CL_SERIES.VC_DSR_AFFCT,CL_REF_AREA.GA1000001,CL_COMP_BREAKDOWN.HZT_CNFLCT,3529
2017,CL_SERIES.VC_DSR_AFFCT,CL_REF_AREA.GA1000001,CL_COMP_BREAKDOWN.HZT_CNFLCT,2579
2015,CL_SERIES.VC_DSR_AFFCT,CL_REF_AREA.GA1000001,,4952
2016,CL_SERIES.VC_DSR_AFFCT,CL_REF_AREA.GA1000001,,11693
2017,CL_SERIES.VC_DSR_AFFCT,CL_REF_AREA.GA1000001,,8984
2015,CL_SERIES.VC_DSR_AFFCT,CL_REF_AREA.GA1000002,CL_COMP_BREAKDOWN.HZT_FIREX,39
2016,CL_SERIES.VC_DSR_AFFCT,CL_REF_AREA.GA1000002,CL_COMP_BREAKDOWN.HZT_FIREX,103
2017,CL_SERIES.VC_DSR_AFFCT,CL_REF_AREA.GA1000002,CL_COMP_BREAKDOWN.HZT_FIREX,24
2015,CL_SERIES.VC_DSR_AFFCT,CL_REF_AREA.GA1000002,CL_COMP_BREAKDOWN.HZT_STORM,500
2016,CL_SERIES.VC_DSR_AFFCT,CL_REF_AREA.GA1000002,CL_COMP_BREAKDOWN.HZT_STORM,387
2017,CL_SERIES.VC_DSR_AFFCT,CL_REF_AREA.GA1000002,CL_COMP_BREAKDOWN.HZT_STORM,277
2015,CL_SERIES.VC_DSR_AFFCT,CL_REF_AREA.GA1000002,CL_COMP_BREAKDOWN.HZT_LNDSL,727
2015,CL_SERIES.VC_DSR_AFFCT,CL_REF_AREA.GA1000002,,1266
2016,CL_SERIES.VC_DSR_AFFCT,CL_REF_AREA.GA1000002,,490
2017,CL_SERIES.VC_DSR_AFFCT,CL_REF_AREA.GA1000002,,301
2015,CL_SERIES.VC_DSR_AFFCT,CL_REF_AREA.GA1000003,CL_COMP_BREAKDOWN.HZT_FIREX,46
2016,CL_SERIES.VC_DSR_AFFCT,CL_REF_AREA.GA1000003,CL_COMP_BREAKDOWN.HZT_FIREX,102
2017,CL_SERIES.VC_DSR_AFFCT,CL_REF_AREA.GA1000003,CL_COMP_BREAKDOWN.HZT_FIREX,158
2015,CL_SERIES.VC_DSR_AFFCT,CL_REF_AREA.GA1000003,CL_COMP_BREAKDOWN.HZT_FLOOD,7747
2016,CL_SERIES.VC_DSR_AFFCT,CL_REF_AREA.GA1000003,CL_COMP_BREAKDOWN.HZT_FLOOD,1626
2017,CL_SERIES.VC_DSR_AFFCT,CL_REF_AREA.GA1000003,CL_COMP_BREAKDOWN.HZT_FLOOD,2226
2015,CL_SERIES.VC_DSR_AFFCT,CL_REF_AREA.GA1000003,CL_COMP_BREAKDOWN.HZT_STORM,49
2016,CL_SERIES.VC_DSR_AFFCT,CL_REF_AREA.GA1000003,CL_COMP_BREAKDOWN.HZT_STORM,177
2017,CL_SERIES.VC_DSR_AFFCT,CL_REF_AREA.GA1000003,CL_COMP_BREAKDOWN.HZT_STORM,43
2015,CL_SERIES.VC_DSR_AFFCT,CL_REF_AREA.GA1000003,,7842
2016,CL_SERIES.VC_DSR_AFFCT,CL_REF_AREA.GA1000003,,7577
2017,CL_SERIES.VC_DSR_AFFCT,CL_REF_AREA.GA1000003,,10079
2015,CL_SERIES.VC_DSR_AFFCT,CL_REF_AREA.GA1000004,CL_COMP_BREAKDOWN.HZT_FIREX,53
2016,CL_SERIES.VC_DSR_AFFCT,CL_REF_AREA.GA1000004,CL_COMP_BREAKDOWN.HZT_FIREX,100
2017,CL_SERIES.VC_DSR_AFFCT,CL_REF_AREA.GA1000004,CL_COMP_BREAKDOWN.HZT_FIREX,60
2015,CL_SERIES.VC_DSR_AFFCT,CL_REF_AREA.GA1000004,CL_COMP_BREAKDOWN.HZT_LNDSL,3904
2016,CL_SERIES.VC_DSR_AFFCT,CL_REF_AREA.GA1000004,CL_COMP_BREAKDOWN.HZT_LNDSL,926
2017,CL_SERIES.VC_DSR_AFFCT,CL_REF_AREA.GA1000004,CL_COMP_BREAKDOWN.HZT_LNDSL,264
2015,CL_SERIES.VC_DSR_AFFCT,CL_REF_AREA.GA1000004,,3957
2016,CL_SERIES.VC_DSR_AFFCT,CL_REF_AREA.GA1000004,,5921
2017,CL_SERIES.VC_DSR_AFFCT,CL_REF_AREA.GA1000004,,6070
2015,CL_SERIES.VC_DSR_AFFCT,CL_REF_AREA.GA1000005,CL_COMP_BREAKDOWN.HZT_FIREX,929
2016,CL_SERIES.VC_DSR_AFFCT,CL_REF_AREA.GA1000005,CL_COMP_BREAKDOWN.HZT_FIREX,106
2017,CL_SERIES.VC_DSR_AFFCT,CL_REF_AREA.GA1000005,CL_COMP_BREAKDOWN.HZT_FIREX,562
2015,CL_SERIES.VC_DSR_AFFCT,CL_REF_AREA.GA1000005,CL_COMP_BREAKDOWN.HZT_FLOOD,119780
2016,CL_SERIES.VC_DSR_AFFCT,CL_REF_AREA.GA1000005,CL_COMP_BREAKDOWN.HZT_FLOOD,58162
2017,CL_SERIES.VC_DSR_AFFCT,CL_REF_AREA.GA1000005,CL_COMP_BREAKDOWN.HZT_FLOOD,48985
2015,CL_SERIES.VC_DSR_AFFCT,CL_REF_AREA.GA1000005,CL_COMP_BREAKDOWN.HZT_STORM,2341
2016,CL_SERIES.VC_DSR_AFFCT,CL_REF_AREA.GA1000005,CL_COMP_BREAKDOWN.HZT_STORM,12011
2017,CL_SERIES.VC_DSR_AFFCT,CL_REF_AREA.GA1000005,CL_COMP_BREAKDOWN.HZT_STORM,1849
2015,CL_SERIES.VC_DSR_AFFCT,CL_REF_AREA.GA1000005,CL_COMP_BREAKDOWN.HZT_EROSN_RVRBK,139
2016,CL_SERIES.VC_DSR_AFFCT,CL_REF_AREA.GA1000005,CL_COMP_BREAKDOWN.HZT_EROSN_RVRBK,135
2017,CL_SERIES.VC_DSR_AFFCT,CL_REF_AREA.GA1000005,CL_COMP_BREAKDOWN.HZT_EROSN_RVRBK,512
2015,CL_SERIES.VC_DSR_AFFCT,CL_REF_AREA.GA1000005,CL_COMP_BREAKDOWN.HZT_OTHER,54
2016,CL_SERIES.VC_DSR_AFFCT,CL_REF_AREA.GA1000005,CL_COMP_BREAKDOWN.HZT_OTHER,154
2017,CL_SERIES.VC_DSR_AFFCT,CL_REF_AREA.GA1000005,CL_COMP_BREAKDOWN.HZT_OTHER,1259
2015,CL_SERIES.VC_DSR_AFFCT,CL_REF_AREA.GA1000005,,123243
2016,CL_SERIES.VC_DSR_AFFCT,CL_REF_AREA.GA1000005,,70606
2017,CL_SERIES.VC_DSR_AFFCT,CL_REF_AREA.GA1000005,,54690
2015,CL_SERIES.VC_DSR_AFFCT,CL_REF_AREA.GA1000006,CL_COMP_BREAKDOWN.HZT_FIREX,2469
2016,CL_SERIES.VC_DSR_AFFCT,CL_REF_AREA.GA1000006,CL_COMP_BREAKDOWN.HZT_FIREX,220
2017,CL_SERIES.VC_DSR_AFFCT,CL_REF_AREA.GA1000006,CL_COMP_BREAKDOWN.HZT_FIREX,71
2015,CL_SERIES.VC_DSR_AFFCT,CL_REF_AREA.GA1000006,CL_COMP_BREAKDOWN.HZT_FLOOD,823
2016,CL_SERIES.VC_DSR_AFFCT,CL_REF_AREA.GA1000006,CL_COMP_BREAKDOWN.HZT_FLOOD,872
2017,CL_SERIES.VC_DSR_AFFCT,CL_REF_AREA.GA1000006,CL_COMP_BREAKDOWN.HZT_FLOOD,792
2015,CL_SERIES.VC_DSR_AFFCT,CL_REF_AREA.GA1000006,CL_COMP_BREAKDOWN.HZT_STORM,228
2016,CL_SERIES.VC_DSR_AFFCT,CL_REF_AREA.GA1000006,CL_COMP_BREAKDOWN.HZT_STORM,36
2017,CL_SERIES.VC_DSR_AFFCT,CL_REF_AREA.GA1000006,CL_COMP_BREAKDOWN.HZT_STORM,132
2015,CL_SERIES.VC_DSR_AFFCT,CL_REF_AREA.GA1000006,CL_COMP_BREAKDOWN.HZT_LNDSL,35
2016,CL_SERIES.VC_DSR_AFFCT,CL_REF_AREA.GA1000006,CL_COMP_BREAKDOWN.HZT_LNDSL,27
2015,CL_SERIES.VC_DSR_AFFCT,CL_REF_AREA.GA1000006,,3555
2016,CL_SERIES.VC_DSR_AFFCT,CL_REF_AREA.GA1000006,,1161
2017,CL_SERIES.VC_DSR_AFFCT,CL_REF_AREA.GA1000006,,1030
2015,CL_SERIES.VC_DSR_AFFCT,CL_REF_AREA.GA1000007,CL_COMP_BREAKDOWN.HZT_FIREX,511
2016,CL_SERIES.VC_DSR_AFFCT,CL_REF_AREA.GA1000007,CL_COMP_BREAKDOWN.HZT_FIREX,606
2017,CL_SERIES.VC_DSR_AFFCT,CL_REF_AREA.GA1000007,CL_COMP_BREAKDOWN.HZT_FIREX,543
2015,CL_SERIES.VC_DSR_AFFCT,CL_REF_AREA.GA1000007,CL_COMP_BREAKDOWN.HZT_FLOOD,31622
2016,CL_SERIES.VC_DSR_AFFCT,CL_REF_AREA.GA1000007,CL_COMP_BREAKDOWN.HZT_FLOOD,53397
2017,CL_SERIES.VC_DSR_AFFCT,CL_REF_AREA.GA1000007,CL_COMP_BREAKDOWN.HZT_FLOOD,38110
2015,CL_SERIES.VC_DSR_AFFCT,CL_REF_AREA.GA1000007,CL_COMP_BREAKDOWN.HZT_STORM,4943
2016,CL_SERIES.VC_DSR_AFFCT,CL_REF_AREA.GA1000007,CL_COMP_BREAKDOWN.HZT_STORM,16708
2017,CL_SERIES.VC_DSR_AFFCT,CL_REF_AREA.GA1000007,CL_COMP_BREAKDOWN.HZT_STORM,8089
2015,CL_SERIES.VC_DSR_AFFCT,CL_REF_AREA.GA1000007,CL_COMP_BREAKDOWN.HZT_EROSN_RVRBK,3133
2016,CL_SERIES.VC_DSR_AFFCT,CL_REF_AREA.GA1000007,CL_COMP_BREAKDOWN.HZT_EROSN_RVRBK,1845
2017,CL_SERIES.VC_DSR_AFFCT,CL_REF_AREA.GA1000007,CL_COMP_BREAKDOWN.HZT_EROSN_RVRBK,10339
2015,CL_SERIES.VC_DSR_AFFCT,CL_REF_AREA.GA1000007,,40209
2016,CL_SERIES.VC_DSR_AFFCT,CL_REF_AREA.GA1000007,,72556
2017,CL_SERIES.VC_DSR_AFFCT,CL_REF_AREA.GA1000007,,57092
2015,CL_SERIES.VC_DSR_AFFCT,CL_REF_AREA.GA1000008,CL_COMP_BREAKDOWN.HZT_FIREX,2037
2016,CL_SERIES.VC_DSR_AFFCT,CL_REF_AREA.GA1000008,CL_COMP_BREAKDOWN.HZT_FIREX,742
2017,CL_SERIES.VC_DSR_AFFCT,CL_REF_AREA.GA1000008,CL_COMP_BREAKDOWN.HZT_FIREX,1457
2015,CL_SERIES.VC_DSR_AFFCT,CL_REF_AREA.GA1000008,CL_COMP_BREAKDOWN.HZT_FLOOD,127018
2016,CL_SERIES.VC_DSR_AFFCT,CL_REF_AREA.GA1000008,CL_COMP_BREAKDOWN.HZT_FLOOD,176912
2017,CL_SERIES.VC_DSR_AFFCT,CL_REF_AREA.GA1000008,CL_COMP_BREAKDOWN.HZT_FLOOD,71550
2015,CL_SERIES.VC_DSR_AFFCT,CL_REF_AREA.GA1000008,CL_COMP_BREAKDOWN.HZT_STORM,3403
2016,CL_SERIES.VC_DSR_AFFCT,CL_REF_AREA.GA1000008,CL_COMP_BREAKDOWN.HZT_STORM,45045
2017,CL_SERIES.VC_DSR_AFFCT,CL_REF_AREA.GA1000008,CL_COMP_BREAKDOWN.HZT_STORM,14852
2015,CL_SERIES.VC_DSR_AFFCT,CL_REF_AREA.GA1000008,CL_COMP_BREAKDOWN.HZT_EROSN_RVRBK,4402
2016,CL_SERIES.VC_DSR_AFFCT,CL_REF_AREA.GA1000008,CL_COMP_BREAKDOWN.HZT_EROSN_RVRBK,3866
2017,CL_SERIES.VC_DSR_AFFCT,CL_REF_AREA.GA1000008,CL_COMP_BREAKDOWN.HZT_EROSN_RVRBK,5173
2015,CL_SERIES.VC_DSR_AFFCT,CL_REF_AREA.GA1000008,,136860
2016,CL_SERIES.VC_DSR_AFFCT,CL_REF_AREA.GA1000008,,226615
2017,CL_SERIES.VC_DSR_AFFCT,CL_REF_AREA.GA1000008,,93079
2015,CL_SERIES.VC_DSR_AFFCT,CL_REF_AREA.GA1000009,CL_COMP_BREAKDOWN.HZT_FIREX,1553
2016,CL_SERIES.VC_DSR_AFFCT,CL_REF_AREA.GA1000009,CL_COMP_BREAKDOWN.HZT_FIREX,938
2017,CL_SERIES.VC_DSR_AFFCT,CL_REF_AREA.GA1000009,CL_COMP_BREAKDOWN.HZT_FIREX,737
2015,CL_SERIES.VC_DSR_AFFCT,CL_REF_AREA.GA1000009,CL_COMP_BREAKDOWN.HZT_FLOOD,10400
2016,CL_SERIES.VC_DSR_AFFCT,CL_REF_AREA.GA1000009,CL_COMP_BREAKDOWN.HZT_FLOOD,155200
2017,CL_SERIES.VC_DSR_AFFCT,CL_REF_AREA.GA1000009,CL_COMP_BREAKDOWN.HZT_FLOOD,25991
2015,CL_SERIES.VC_DSR_AFFCT,CL_REF_AREA.GA1000009,CL_COMP_BREAKDOWN.HZT_STORM,1657
2016,CL_SERIES.VC_DSR_AFFCT,CL_REF_AREA.GA1000009,CL_COMP_BREAKDOWN.HZT_STORM,63128
2017,CL_SERIES.VC_DSR_AFFCT,CL_REF_AREA.GA1000009,CL_COMP_BREAKDOWN.HZT_STORM,4850
2015,CL_SERIES.VC_DSR_AFFCT,CL_REF_AREA.GA1000009,CL_COMP_BREAKDOWN.HZT_EROSN_RVRBK,1178
2016,CL_SERIES.VC_DSR_AFFCT,CL_REF_AREA.GA1000009,CL_COMP_BREAKDOWN.HZT_EROSN_RVRBK,416
2017,CL_SERIES.VC_DSR_AFFCT,CL_REF_AREA.GA1000009,CL_COMP_BREAKDOWN.HZT_EROSN_RVRBK,97
2015,CL_SERIES.VC_DSR_AFFCT,CL_REF_AREA.GA1000009,CL_COMP_BREAKDOWN.HZT_CNFLCT,95
2016,CL_SERIES.VC_DSR_AFFCT,CL_REF_AREA.GA1000009,CL_COMP_BREAKDOWN.HZT_CNFLCT,105
2015,CL_SERIES.VC_DSR_AFFCT,CL_REF_AREA.GA1000009,,14883
2016,CL_SERIES.VC_DSR_AFFCT,CL_REF_AREA.GA1000009,,219800
2017,CL_SERIES.VC_DSR_AFFCT,CL_REF_AREA.GA1000009,,31696
2015,CL_SERIES.VC_DSR_AFFCT,CL_REF_AREA.GA1000010,CL_COMP_BREAKDOWN.HZT_FIREX,86
2016,CL_SERIES.VC_DSR_AFFCT,CL_REF_AREA.GA1000010,CL_COMP_BREAKDOWN.HZT_FIREX,216
2017,CL_SERIES.VC_DSR_AFFCT,CL_REF_AREA.GA1000010,CL_COMP_BREAKDOWN.HZT_FIREX,231
2015,CL_SERIES.VC_DSR_AFFCT,CL_REF_AREA.GA1000010,CL_COMP_BREAKDOWN.HZT_FLOOD,6190
2016,CL_SERIES.VC_DSR_AFFCT,CL_REF_AREA.GA1000010,CL_COMP_BREAKDOWN.HZT_FLOOD,185
2017,CL_SERIES.VC_DSR_AFFCT,CL_REF_AREA.GA1000010,CL_COMP_BREAKDOWN.HZT_FLOOD,3900
2015,CL_SERIES.VC_DSR_AFFCT,CL_REF_AREA.GA1000010,CL_COMP_BREAKDOWN.HZT_STORM,191
2016,CL_SERIES.VC_DSR_AFFCT,CL_REF_AREA.GA1000010,CL_COMP_BREAKDOWN.HZT_STORM,254
2017,CL_SERIES.VC_DSR_AFFCT,CL_REF_AREA.GA1000010,CL_COMP_BREAKDOWN.HZT_STORM,343
2015,CL_SERIES.VC_DSR_AFFCT,CL_REF_AREA.GA1000010,,6467
2016,CL_SERIES.VC_DSR_AFFCT,CL_REF_AREA.GA1000010,,810
2017,CL_SERIES.VC_DSR_AFFCT,CL_REF_AREA.GA1000010,,4891
2015,CL_SERIES.VC_DSR_AFFCT,CL_REF_AREA.GA1000011,CL_COMP_BREAKDOWN.HZT_FIREX,682
2016,CL_SERIES.VC_DSR_AFFCT,CL_REF_AREA.GA1000011,CL_COMP_BREAKDOWN.HZT_FIREX,2418
2017,CL_SERIES.VC_DSR_AFFCT,CL_REF_AREA.GA1000011,CL_COMP_BREAKDOWN.HZT_FIREX,1016
2015,CL_SERIES.VC_DSR_AFFCT,CL_REF_AREA.GA1000011,CL_COMP_BREAKDOWN.HZT_FLOOD,49427
2016,CL_SERIES.VC_DSR_AFFCT,CL_REF_AREA.GA1000011,CL_COMP_BREAKDOWN.HZT_FLOOD,26531
2017,CL_SERIES.VC_DSR_AFFCT,CL_REF_AREA.GA1000011,CL_COMP_BREAKDOWN.HZT_FLOOD,1550
2015,CL_SERIES.VC_DSR_AFFCT,CL_REF_AREA.GA1000011,CL_COMP_BREAKDOWN.HZT_STORM,919
2016,CL_SERIES.VC_DSR_AFFCT,CL_REF_AREA.GA1000011,CL_COMP_BREAKDOWN.HZT_STORM,2081
2017,CL_SERIES.VC_DSR_AFFCT,CL_REF_AREA.GA1000011,CL_COMP_BREAKDOWN.HZT_STORM,3528
2015,CL_SERIES.VC_DSR_AFFCT,CL_REF_AREA.GA1000011,CL_COMP_BREAKDOWN.HZT_CNFLCT,229
2016,CL_SERIES.VC_DSR_AFFCT,CL_REF_AREA.GA1000011,CL_COMP_BREAKDOWN.HZT_CNFLCT,1214
2017,CL_SERIES.VC_DSR_AFFCT,CL_REF_AREA.GA1000011,CL_COMP_BREAKDOWN.HZT_CNFLCT,156
2015,CL_SERIES.VC_DSR_AFFCT,CL_REF_AREA.GA1000011,,51257
2016,CL_SERIES.VC_DSR_AFFCT,CL_REF_AREA.GA1000011,,35731
2017,CL_SERIES.VC_DSR_AFFCT,CL_REF_AREA.GA1000011,,92096
2015,CL_SERIES.VC_DSR_AFFCT,CL_REF_AREA.GA1000013,CL_COMP_BREAKDOWN.HZT_FIREX,1647
2016,CL_SERIES.VC_DSR_AFFCT,CL_REF_AREA.GA1000013,CL_COMP_BREAKDOWN.HZT_FIREX,953
2017,CL_SERIES.VC_DSR_AFFCT,CL_REF_AREA.GA1000013,CL_COMP_BREAKDOWN.HZT_FIREX,733
2015,CL_SERIES.VC_DSR_AFFCT,CL_REF_AREA.GA1000013,CL_COMP_BREAKDOWN.HZT_FLOOD,2861
2016,CL_SERIES.VC_DSR_AFFCT,CL_REF_AREA.GA1000013,CL_COMP_BREAKDOWN.HZT_FLOOD,4551
2015,CL_SERIES.VC_DSR_AFFCT,CL_REF_AREA.GA1000013,CL_COMP_BREAKDOWN.HZT_STORM,1377
2016,CL_SERIES.VC_DSR_AFFCT,CL_REF_AREA.GA1000013,CL_COMP_BREAKDOWN.HZT_STORM,41740
2017,CL_SERIES.VC_DSR_AFFCT,CL_REF_AREA.GA1000013,CL_COMP_BREAKDOWN.HZT_STORM,2073
2015,CL_SERIES.VC_DSR_AFFCT,CL_REF_AREA.GA1000013,CL_COMP_BREAKDOWN.HZT_CNFLCT,6110
2016,CL_SERIES.VC_DSR_AFFCT,CL_REF_AREA.GA1000013,CL_COMP_BREAKDOWN.HZT_CNFLCT,26047
2017,CL_SERIES.VC_DSR_AFFCT,CL_REF_AREA.GA1000013,CL_COMP_BREAKDOWN.HZT_CNFLCT,52227
2015,CL_SERIES.VC_DSR_AFFCT,CL_REF_AREA.GA1000013,,11995
2016,CL_SERIES.VC_DSR_AFFCT,CL_REF_AREA.GA1000013,,80196
2017,CL_SERIES.VC_DSR_AFFCT,CL_REF_AREA.GA1000013,,55398
2015,CL_SERIES.VC_DSR_AFFCT,CL_REF_AREA.GA1000012,CL_COMP_BREAKDOWN.HZT_FIREX,535
2016,CL_SERIES.VC_DSR_AFFCT,CL_REF_AREA.GA1000012,CL_COMP_BREAKDOWN.HZT_FIREX,1455
2017,CL_SERIES.VC_DSR_AFFCT,CL_REF_AREA.GA1000012,CL_COMP_BREAKDOWN.HZT_FIREX,1576
2015,CL_SERIES.VC_DSR_AFFCT,CL_REF_AREA.GA1000012,CL_COMP_BREAKDOWN.HZT_FLOOD,14246
2016,CL_SERIES.VC_DSR_AFFCT,CL_REF_AREA.GA1000012,CL_COMP_BREAKDOWN.HZT_FLOOD,6221
2017,CL_SERIES.VC_DSR_AFFCT,CL_REF_AREA.GA1000012,CL_COMP_BREAKDOWN.HZT_FLOOD,374
2015,CL_SERIES.VC_DSR_AFFCT,CL_REF_AREA.GA1000012,CL_COMP_BREAKDOWN.HZT_STORM,555
2016,CL_SERIES.VC_DSR_AFFCT,CL_REF_AREA.GA1000012,CL_COMP_BREAKDOWN.HZT_STORM,518
2017,CL_SERIES.VC_DSR_AFFCT,CL_REF_AREA.GA1000012,CL_COMP_BREAKDOWN.HZT_STORM,2297
2015,CL_SERIES.VC_DSR_AFFCT,CL_REF_AREA.GA1000012,,15336
2016,CL_SERIES.VC_DSR_AFFCT,CL_REF_AREA.GA1000012,,8758
2017,CL_SERIES.VC_DSR_AFFCT,CL_REF_AREA.GA1000012,,5265
2015,CL_SERIES.VC_DSR_AFFCT,CL_REF_AREA.GA1000014,CL_COMP_BREAKDOWN.HZT_FIREX,1404
2016,CL_SERIES.VC_DSR_AFFCT,CL_REF_AREA.GA1000014,CL_COMP_BREAKDOWN.HZT_FIREX,948
2017,CL_SERIES.VC_DSR_AFFCT,CL_REF_AREA.GA1000014,CL_COMP_BREAKDOWN.HZT_FIREX,654
2015,CL_SERIES.VC_DSR_AFFCT,CL_REF_AREA.GA1000014,CL_COMP_BREAKDOWN.HZT_FLOOD,453100
2016,CL_SERIES.VC_DSR_AFFCT,CL_REF_AREA.GA1000014,CL_COMP_BREAKDOWN.HZT_FLOOD,125068
2017,CL_SERIES.VC_DSR_AFFCT,CL_REF_AREA.GA1000014,CL_COMP_BREAKDOWN.HZT_FLOOD,73308
2015,CL_SERIES.VC_DSR_AFFCT,CL_REF_AREA.GA1000014,CL_COMP_BREAKDOWN.HZT_STORM,2786
2016,CL_SERIES.VC_DSR_AFFCT,CL_REF_AREA.GA1000014,CL_COMP_BREAKDOWN.HZT_STORM,15093
2017,CL_SERIES.VC_DSR_AFFCT,CL_REF_AREA.GA1000014,CL_COMP_BREAKDOWN.HZT_STORM,7992
2015,CL_SERIES.VC_DSR_AFFCT,CL_REF_AREA.GA1000014,CL_COMP_BREAKDOWN.HZT_EROSN_RVRBK,1905
2016,CL_SERIES.VC_DSR_AFFCT,CL_REF_AREA.GA1000014,CL_COMP_BREAKDOWN.HZT_EROSN_RVRBK,5124
2017,CL_SERIES.VC_DSR_AFFCT,CL_REF_AREA.GA1000014,CL_COMP_BREAKDOWN.HZT_EROSN_RVRBK,10697
2015,CL_SERIES.VC_DSR_AFFCT,CL_REF_AREA.GA1000014,,459195
2016,CL_SERIES.VC_DSR_AFFCT,CL_REF_AREA.GA1000014,,146233
2017,CL_SERIES.VC_DSR_AFFCT,CL_REF_AREA.GA1000014,,92673
2015,CL_SERIES.VC_DSR_AFFCT,CL_REF_AREA.GA1000015,CL_COMP_BREAKDOWN.HZT_FIREX,53
2016,CL_SERIES.VC_DSR_AFFCT,CL_REF_AREA.GA1000015,CL_COMP_BREAKDOWN.HZT_FIREX,249
2017,CL_SERIES.VC_DSR_AFFCT,CL_REF_AREA.GA1000015,CL_COMP_BREAKDOWN.HZT_FIREX,186
2015,CL_SERIES.VC_DSR_AFFCT,CL_REF_AREA.GA1000015,CL_COMP_BREAKDOWN.HZT_STORM,3087
2016,CL_SERIES.VC_DSR_AFFCT,CL_REF_AREA.GA1000015,CL_COMP_BREAKDOWN.HZT_STORM,6273
2017,CL_SERIES.VC_DSR_AFFCT,CL_REF_AREA.GA1000015,CL_COMP_BREAKDOWN.HZT_STORM,687
2015,CL_SERIES.VC_DSR_AFFCT,CL_REF_AREA.GA1000015,,3140
2016,CL_SERIES.VC_DSR_AFFCT,CL_REF_AREA.GA1000015,,8922
2017,CL_SERIES.VC_DSR_AFFCT,CL_REF_AREA.GA1000015,,1809
2016,CL_SERIES.VC_DSR_AFFCT,,CL_COMP_BREAKDOWN.HZT_ERQAK,72
2016,CL_SERIES.VC_DSR_AFFCT,CL_REF_AREA.GA1000001,CL_COMP_BREAKDOWN.HZT_EROSN_RVRBK,1300
2017,CL_SERIES.VC_DSR_AFFCT,CL_REF_AREA.GA1000001,CL_COMP_BREAKDOWN.HZT_EROSN_RVRBK,1221
2016,CL_SERIES.VC_DSR_AFFCT,CL_REF_AREA.GA1000003,CL_COMP_BREAKDOWN.HZT_LNDSL,14
2017,CL_SERIES.VC_DSR_AFFCT,CL_REF_AREA.GA1000003,CL_COMP_BREAKDOWN.HZT_LNDSL,48
2016,CL_SERIES.VC_DSR_AFFCT,CL_REF_AREA.GA1000003,CL_COMP_BREAKDOWN.HZT_CNFLCT,5592
2017,CL_SERIES.VC_DSR_AFFCT,CL_REF_AREA.GA1000003,CL_COMP_BREAKDOWN.HZT_CNFLCT,5596
2016,CL_SERIES.VC_DSR_AFFCT,CL_REF_AREA.GA1000003,CL_COMP_BREAKDOWN.HZT_OTHER,66
2017,CL_SERIES.VC_DSR_AFFCT,CL_REF_AREA.GA1000003,CL_COMP_BREAKDOWN.HZT_OTHER,2000
2016,CL_SERIES.VC_DSR_AFFCT,CL_REF_AREA.GA1000004,CL_COMP_BREAKDOWN.HZT_FLOOD,82
2016,CL_SERIES.VC_DSR_AFFCT,CL_REF_AREA.GA1000004,CL_COMP_BREAKDOWN.HZT_STORM,4813
2017,CL_SERIES.VC_DSR_AFFCT,CL_REF_AREA.GA1000004,CL_COMP_BREAKDOWN.HZT_STORM,3298
2016,CL_SERIES.VC_DSR_AFFCT,CL_REF_AREA.GA1000005,CL_COMP_BREAKDOWN.HZT_LNDSL,38
2016,CL_SERIES.VC_DSR_AFFCT,CL_REF_AREA.GA1000006,CL_COMP_BREAKDOWN.HZT_OTHER,6
2017,CL_SERIES.VC_DSR_AFFCT,CL_REF_AREA.GA1000006,CL_COMP_BREAKDOWN.HZT_OTHER,35
2016,CL_SERIES.VC_DSR_AFFCT,CL_REF_AREA.GA1000008,CL_COMP_BREAKDOWN.HZT_ERQAK,38
2016,CL_SERIES.VC_DSR_AFFCT,CL_REF_AREA.GA1000008,CL_COMP_BREAKDOWN.HZT_LNDSL,7
2017,CL_SERIES.VC_DSR_AFFCT,CL_REF_AREA.GA1000008,CL_COMP_BREAKDOWN.HZT_LNDSL,25
2016,CL_SERIES.VC_DSR_AFFCT,CL_REF_AREA.GA1000008,CL_COMP_BREAKDOWN.HZT_OTHER,5
2017,CL_SERIES.VC_DSR_AFFCT,CL_REF_AREA.GA1000008,CL_COMP_BREAKDOWN.HZT_OTHER,22
2016,CL_SERIES.VC_DSR_AFFCT,CL_REF_AREA.GA1000009,CL_COMP_BREAKDOWN.HZT_LNDSL,13
2017,CL_SERIES.VC_DSR_AFFCT,CL_REF_AREA.GA1000009,CL_COMP_BREAKDOWN.HZT_LNDSL,21
2016,CL_SERIES.VC_DSR_AFFCT,CL_REF_AREA.GA1000010,CL_COMP_BREAKDOWN.HZT_EROSN_RVRBK,32
2017,CL_SERIES.VC_DSR_AFFCT,CL_REF_AREA.GA1000010,CL_COMP_BREAKDOWN.HZT_EROSN_RVRBK,46
2016,CL_SERIES.VC_DSR_AFFCT,CL_REF_AREA.GA1000010,CL_COMP_BREAKDOWN.HZT_LNDSL,3
2017,CL_SERIES.VC_DSR_AFFCT,CL_REF_AREA.GA1000010,CL_COMP_BREAKDOWN.HZT_LNDSL,240
2016,CL_SERIES.VC_DSR_AFFCT,CL_REF_AREA.GA1000010,CL_COMP_BREAKDOWN.HZT_CNFLCT,120
2016,CL_SERIES.VC_DSR_AFFCT,CL_REF_AREA.GA1000011,CL_COMP_BREAKDOWN.HZT_ERQAK,5
2016,CL_SERIES.VC_DSR_AFFCT,CL_REF_AREA.GA1000011,CL_COMP_BREAKDOWN.HZT_EROSN_RVRBK,14
2017,CL_SERIES.VC_DSR_AFFCT,CL_REF_AREA.GA1000011,CL_COMP_BREAKDOWN.HZT_EROSN_RVRBK,150
2016,CL_SERIES.VC_DSR_AFFCT,CL_REF_AREA.GA1000011,CL_COMP_BREAKDOWN.HZT_LNDSL,16
2016,CL_SERIES.VC_DSR_AFFCT,CL_REF_AREA.GA1000011,CL_COMP_BREAKDOWN.HZT_OTHER,3452
2017,CL_SERIES.VC_DSR_AFFCT,CL_REF_AREA.GA1000011,CL_COMP_BREAKDOWN.HZT_OTHER,85696
2016,CL_SERIES.VC_DSR_AFFCT,CL_REF_AREA.GA1000013,CL_COMP_BREAKDOWN.HZT_LNDSL,4
2017,CL_SERIES.VC_DSR_AFFCT,CL_REF_AREA.GA1000013,CL_COMP_BREAKDOWN.HZT_LNDSL,47
2016,CL_SERIES.VC_DSR_AFFCT,CL_REF_AREA.GA1000013,CL_COMP_BREAKDOWN.HZT_OTHER,6901
2017,CL_SERIES.VC_DSR_AFFCT,CL_REF_AREA.GA1000013,CL_COMP_BREAKDOWN.HZT_OTHER,318
2016,CL_SERIES.VC_DSR_AFFCT,CL_REF_AREA.GA1000012,CL_COMP_BREAKDOWN.HZT_ERQAK,29
2016,CL_SERIES.VC_DSR_AFFCT,CL_REF_AREA.GA1000012,CL_COMP_BREAKDOWN.HZT_EROSN_RVRBK,422
2017,CL_SERIES.VC_DSR_AFFCT,CL_REF_AREA.GA1000012,CL_COMP_BREAKDOWN.HZT_EROSN_RVRBK,983
2016,CL_SERIES.VC_DSR_AFFCT,CL_REF_AREA.GA1000012,CL_COMP_BREAKDOWN.HZT_OTHER,113
2017,CL_SERIES.VC_DSR_AFFCT,CL_REF_AREA.GA1000012,CL_COMP_BREAKDOWN.HZT_OTHER,29
2016,CL_SERIES.VC_DSR_AFFCT,CL_REF_AREA.GA1000015,CL_COMP_BREAKDOWN.HZT_FLOOD,2171
2017,CL_SERIES.VC_DSR_AFFCT,CL_REF_AREA.GA1000015,CL_COMP_BREAKDOWN.HZT_FLOOD,345
2016,CL_SERIES.VC_DSR_AFFCT,CL_REF_AREA.GA1000015,CL_COMP_BREAKDOWN.HZT_EROSN_RVRBK,229
2017,CL_SERIES.VC_DSR_AFFCT,CL_REF_AREA.GA1000015,CL_COMP_BREAKDOWN.HZT_EROSN_RVRBK,158
2017,CL_SERIES.VC_DSR_AFFCT,,CL_COMP_BREAKDOWN.HZT_THDR_LGT_STROKE,10
2017,CL_SERIES.VC_DSR_AFFCT,CL_REF_AREA.GA1000003,CL_COMP_BREAKDOWN.HZT_EROSN_RVRBK,8
2017,CL_SERIES.VC_DSR_AFFCT,CL_REF_AREA.GA1000004,CL_COMP_BREAKDOWN.HZT_EROSN_RVRBK,151
2017,CL_SERIES.VC_DSR_AFFCT,CL_REF_AREA.GA1000004,CL_COMP_BREAKDOWN.HZT_CNFLCT,1713
2017,CL_SERIES.VC_DSR_AFFCT,CL_REF_AREA.GA1000004,CL_COMP_BREAKDOWN.HZT_OTHER,584
2017,CL_SERIES.VC_DSR_AFFCT,CL_REF_AREA.GA1000005,CL_COMP_BREAKDOWN.HZT_CNFLCT,1523
2017,CL_SERIES.VC_DSR_AFFCT,CL_REF_AREA.GA1000007,CL_COMP_BREAKDOWN.HZT_OTHER,11
2017,CL_SERIES.VC_DSR_AFFCT,CL_REF_AREA.GA1000010,CL_COMP_BREAKDOWN.HZT_OTHER,131
2017,CL_SERIES.VC_DSR_AFFCT,CL_REF_AREA.GA1000012,CL_COMP_BREAKDOWN.HZT_LNDSL,6
2017,CL_SERIES.VC_DSR_AFFCT,CL_REF_AREA.GA1000014,CL_COMP_BREAKDOWN.HZT_THDR_LGT_STROKE,10
2017,CL_SERIES.VC_DSR_AFFCT,CL_REF_AREA.GA1000014,CL_COMP_BREAKDOWN.HZT_OTHER,12
2017,CL_SERIES.VC_DSR_AFFCT,CL_REF_AREA.GA1000015,CL_COMP_BREAKDOWN.HZT_OTHER,433
